stnnbr,oxygen,ctdoxy,latitude,longitude,ctdtmp,ctdsal,ctdprs,date,cruise
1,73.26704656185724,73.987,47.1235,-126.085,1.7968,34.6188,2244.197,2012-09-05T00:00:00Z,WCOA 2012
1,72.96284886054035,74.024,47.1235,-126.085,1.7969,34.6189,2243.244,2012-09-05T00:00:00Z,WCOA 2012
1,62.14420492288645,62.343,47.1235,-126.085,1.9362,34.5939,1999.135,2012-09-05T00:00:00Z,WCOA 2012
1,31.162568746721362,31.945,47.1235,-126.085,2.6048,34.5184,1502.123,2012-09-05T00:00:00Z,WCOA 2012
1,11.60645927759267,12.557,47.1235,-126.085,3.5526,34.4097,1000.271,2012-09-05T00:00:00Z,WCOA 2012
1,26.744472600593514,27.231,47.1235,-126.085,5.1636,34.1227,499.845,2012-09-05T00:00:00Z,WCOA 2012
1,54.76030324364701,53.838,47.1235,-126.085,6.1162,34.0284,299.791,2012-09-05T00:00:00Z,WCOA 2012
1,106.98273845367075,123.067,47.1235,-126.085,7.2935,33.8845,149.702,2012-09-05T00:00:00Z,WCOA 2012
1,137.71006028784063,131.344,47.1235,-126.085,7.4766,33.8072,123.335,2012-09-05T00:00:00Z,WCOA 2012
1,244.9489336356682,244.21,47.1235,-126.085,7.882,32.7966,50.604,2012-09-05T00:00:00Z,WCOA 2012
1,323.45568638121205,318.693,47.1235,-126.085,11.3749,32.492,20.608,2012-09-05T00:00:00Z,WCOA 2012
1,268.6445842950814,269.157,47.1235,-126.085,15.2219,32.1237,10.943,2012-09-05T00:00:00Z,WCOA 2012
1,266.98678266972627,268.817,47.1235,-126.085,15.2199,32.1237,2.285,2012-09-05T00:00:00Z,WCOA 2012
2,14.648873117196958,14.958,47.679,-125.5633,3.3903,34.4313,1111.251,2012-09-06T00:00:00Z,WCOA 2012
2,13.345806516582545,11.419,47.679,-125.5633,3.7594,34.3817,998.868,2012-09-06T00:00:00Z,WCOA 2012
2,11.260937298612628,11.414,47.679,-125.5633,4.4447,34.2698,748.447,2012-09-06T00:00:00Z,WCOA 2012
2,27.91915261245318,28.509,47.679,-125.5633,5.3107,34.1196,497.682,2012-09-06T00:00:00Z,WCOA 2012
2,58.28483494762235,57.428,47.679,-125.5633,6.2766,34.0223,304.852,2012-09-06T00:00:00Z,WCOA 2012
2,74.9111954204183,74.627,47.679,-125.5633,6.9096,33.9415,199.723,2012-09-06T00:00:00Z,WCOA 2012
2,86.57664981613057,86.278,47.679,-125.5633,7.1975,33.89,149.647,2012-09-06T00:00:00Z,WCOA 2012
2,99.74106749281228,118.682,47.679,-125.5633,8.2034,33.7393,100.156,2012-09-06T00:00:00Z,WCOA 2012
2,162.5486487690874,232.519,47.679,-125.5633,7.7289,32.8517,60.995,2012-09-06T00:00:00Z,WCOA 2012
2,246.4578619522429,255.007,47.679,-125.5633,8.0504,32.6775,41.062,2012-09-06T00:00:00Z,WCOA 2012
2,309.16236512431425,307.443,47.679,-125.5633,9.8409,32.5192,20.881,2012-09-06T00:00:00Z,WCOA 2012
2,270.87044060226043,264.213,47.679,-125.5633,15.292,32.1387,11.085,2012-09-06T00:00:00Z,WCOA 2012
3,37.532336214213046,38.509,47.956,-125.3258,5.5638,34.0753,481.111,2012-09-06T00:00:00Z,WCOA 2012
3,37.61935402487942,38.737,47.956,-125.3258,5.5669,34.0745,481.358,2012-09-06T00:00:00Z,WCOA 2012
3,65.72531732561532,68.11,47.956,-125.3258,6.4197,33.9935,299.958,2012-09-06T00:00:00Z,WCOA 2012
3,96.58333887267223,98.347,47.956,-125.3258,7.3349,33.9097,150,2012-09-06T00:00:00Z,WCOA 2012
3,201.37490123557558,151.744,47.956,-125.3258,7.9075,33.5443,79.504,2012-09-06T00:00:00Z,WCOA 2012
3,236.78752440224548,236.18,47.956,-125.3258,7.8087,32.8837,50,2012-09-06T00:00:00Z,WCOA 2012
3,286.86352042992274,285.714,47.956,-125.3258,9.3761,32.5845,20.986,2012-09-06T00:00:00Z,WCOA 2012
3,289.85705901751965,291.678,47.956,-125.3258,13.4032,31.5865,2.175,2012-09-06T00:00:00Z,WCOA 2012
3,289.7260413368083,291.631,47.956,-125.3258,13.4023,31.5869,2.046,2012-09-06T00:00:00Z,WCOA 2012
4,70.07703821111399,69.165,48.1255,-125.1722,6.5349,33.9778,226.47,2012-09-06T00:00:00Z,WCOA 2012
4,70.03772089553142,79.455,48.1255,-125.1722,6.7965,33.9445,200,2012-09-06T00:00:00Z,WCOA 2012
4,89.40326072620904,91.761,48.1255,-125.1722,7.0288,33.879,151.017,2012-09-06T00:00:00Z,WCOA 2012
4,111.08142908561652,107.367,48.1255,-125.1722,7.3524,33.7893,99.809,2012-09-06T00:00:00Z,WCOA 2012
4,165.57959000140008,173.859,48.1255,-125.1722,7.3932,33.2696,60.181,2012-09-06T00:00:00Z,WCOA 2012
4,231.64082205602202,231.496,48.1255,-125.1722,7.3913,32.8576,40.598,2012-09-06T00:00:00Z,WCOA 2012
4,236.36287729119542,229.764,48.1255,-125.1722,9.2636,32.3806,20,2012-09-06T00:00:00Z,WCOA 2012
4,295.33022110964396,293.566,48.1255,-125.1722,13.2362,31.6506,4.365,2012-09-06T00:00:00Z,WCOA 2012
5,78.00530845724819,78.343,48.3758,-124.9575,6.8951,33.8496,107.882,2012-09-06T00:00:00Z,WCOA 2012
5,101.11850581837992,101.122,48.3758,-124.9575,7.1881,33.7489,81.173,2012-09-06T00:00:00Z,WCOA 2012
5,111.43585736527834,106.963,48.3758,-124.9575,7.2607,33.6994,60,2012-09-06T00:00:00Z,WCOA 2012
5,107.8664309403566,108.459,48.3758,-124.9575,7.63,33.256100000000004,40.656,2012-09-06T00:00:00Z,WCOA 2012
5,152.9323764941766,166.559,48.3758,-124.9575,8.8146,32.6259,20.95,2012-09-06T00:00:00Z,WCOA 2012
5,212.44178159394795,207.595,48.3758,-124.9575,10.3531,32.0799,10.463,2012-09-06T00:00:00Z,WCOA 2012
7,100.43911597074504,89.388,47.333,-124.5,7.4228,33.5732,43.276,2012-09-06T00:00:00Z,WCOA 2012
7,103.22839452905023,107.907,47.333,-124.5,7.4355,33.5232,40.919,2012-09-06T00:00:00Z,WCOA 2012
7,153.78596177649703,165.793,47.333,-124.5,7.5234,33.273,30.451,2012-09-06T00:00:00Z,WCOA 2012
7,173.87950560624938,175.676,47.333,-124.5,10.2423,32.9535,14.805,2012-09-06T00:00:00Z,WCOA 2012
7,305.0359189796384,295.642,47.333,-124.5,13.9316,32.3071,4.102,2012-09-06T00:00:00Z,WCOA 2012
8,53.46566721427157,54.759,47.3462,-124.7113,6.9909,33.9284,108.498,2012-09-07T00:00:00Z,WCOA 2012
8,95.97564591017608,95.15,47.3462,-124.7113,7.2337,33.874,80.661,2012-09-07T00:00:00Z,WCOA 2012
8,96.33582093344478,96.047,47.3462,-124.7113,7.3722,33.7348,59.702,2012-09-07T00:00:00Z,WCOA 2012
8,97.992994622771,96.664,47.3462,-124.7113,7.3979,33.6901,50.648,2012-09-07T00:00:00Z,WCOA 2012
8,166.18976903572587,170.82,47.3462,-124.7113,7.6592,33.3116,30.619,2012-09-07T00:00:00Z,WCOA 2012
8,247.64876674994457,250.561,47.3462,-124.7113,10.9313,32.7297,15.828,2012-09-07T00:00:00Z,WCOA 2012
8,301.6338258656799,314.021,47.3462,-124.7113,14.4861,32.0752,3.938,2012-09-07T00:00:00Z,WCOA 2012
9,13.563276109958682,12.926,47.3348,-124.852,3.764,34.3722,949.154,2012-09-07T00:00:00Z,WCOA 2012
9,14.261099660739006,12.657,47.3348,-124.852,4.4642,34.2593,752.512,2012-09-07T00:00:00Z,WCOA 2012
9,35.879441198127786,37.059,47.3348,-124.852,5.5971,34.0893,500.634,2012-09-07T00:00:00Z,WCOA 2012
9,51.584301760592446,50.732,47.3348,-124.852,6.0198,34.0333,400.608,2012-09-07T00:00:00Z,WCOA 2012
9,69.34206963801398,66.786,47.3348,-124.852,6.859,33.9481,200.555,2012-09-07T00:00:00Z,WCOA 2012
9,40.41792076602742,49.475,47.3348,-124.852,7.2189,33.8629,100.191,2012-09-07T00:00:00Z,WCOA 2012
9,111.56270348982552,103.347,47.3348,-124.852,7.6661,33.8151,80.79,2012-09-07T00:00:00Z,WCOA 2012
9,153.85646001405703,141.301,47.3348,-124.852,7.6257,33.4314,59.954,2012-09-07T00:00:00Z,WCOA 2012
9,232.06011208483451,216.97,47.3348,-124.852,7.9777,32.8091,40.488,2012-09-07T00:00:00Z,WCOA 2012
9,254.217645301645,275.45,47.3348,-124.852,11.2177,32.3955,20.319,2012-09-07T00:00:00Z,WCOA 2012
9,289.33774969969085,282.036,47.3348,-124.852,13.1853,31.711,10.021,2012-09-07T00:00:00Z,WCOA 2012
9,283.9401870946388,292.005,47.3348,-124.852,14.2785,31.5357,2.292,2012-09-07T00:00:00Z,WCOA 2012
10,38.0719798528687,38.282,47.3335,-125.1535,2.4314,34.5376,1555.549,2012-09-07T00:00:00Z,WCOA 2012
10,12.867347253982103,13.524,47.3335,-125.1535,3.6371000000000002,34.3938,998.313,2012-09-07T00:00:00Z,WCOA 2012
10,12.434998150836922,12.795,47.3335,-125.1535,4.4629,34.2576,750.245,2012-09-07T00:00:00Z,WCOA 2012
10,31.877405264855216,32.953,47.3335,-125.1535,5.4278,34.1018,500.283,2012-09-07T00:00:00Z,WCOA 2012
10,60.41736938373057,62.502,47.3335,-125.1535,6.4212,34.0197,299.337,2012-09-07T00:00:00Z,WCOA 2012
10,108.55301475635385,108.603,47.3335,-125.1535,7.4633,33.8663,149.474,2012-09-07T00:00:00Z,WCOA 2012
10,135.55656652114092,133.928,47.3335,-125.1535,7.8174,33.6576,100.212,2012-09-07T00:00:00Z,WCOA 2012
10,156.2960734083226,153.196,47.3335,-125.1535,7.8767,33.4579,80.094,2012-09-07T00:00:00Z,WCOA 2012
10,190.37928554185228,186.373,47.3335,-125.1535,8.2233,33.1994,60.29,2012-09-07T00:00:00Z,WCOA 2012
10,251.808144128827,252.753,47.3335,-125.1535,8.5472,32.8054,40.207,2012-09-07T00:00:00Z,WCOA 2012
10,286.1096356061085,289.554,47.3335,-125.1535,9.3196,32.6338,30.524,2012-09-07T00:00:00Z,WCOA 2012
10,309.2436628477243,297.269,47.3335,-125.1535,10.5814,32.5185,15.797,2012-09-07T00:00:00Z,WCOA 2012
10,291.53269796603985,293.008,47.3335,-125.1535,14.1761,32.1048,2.639,2012-09-07T00:00:00Z,WCOA 2012
11,36.811862157439585,37.115,47.1172,-125.1957,2.4784,34.5333,1579.757,2012-09-07T00:00:00Z,WCOA 2012
11,11.606923926734753,11.787,47.1172,-125.1957,3.7576,34.3832,996.508,2012-09-07T00:00:00Z,WCOA 2012
11,11.260896359363196,11.799,47.1172,-125.1957,4.421,34.2713,749.641,2012-09-07T00:00:00Z,WCOA 2012
11,29.70238420286734,30.177,47.1172,-125.1957,5.2817,34.1051,502.512,2012-09-07T00:00:00Z,WCOA 2012
11,59.11082306224256,61.09,47.1172,-125.1957,6.2031,34.0201,301.007,2012-09-07T00:00:00Z,WCOA 2012
11,87.09073714071593,88.891,47.1172,-125.1957,6.907,33.9581,200.596,2012-09-07T00:00:00Z,WCOA 2012
11,116.20932410043605,121.632,47.1172,-125.1957,7.4268,33.8725,150.671,2012-09-07T00:00:00Z,WCOA 2012
11,138.98673572800845,135.493,47.1172,-125.1957,7.7355,33.7149,100.586,2012-09-07T00:00:00Z,WCOA 2012
11,243.28729243907668,251.479,47.1172,-125.1957,7.8205,32.8221,60.529,2012-09-07T00:00:00Z,WCOA 2012
11,262.41937973993953,250.693,47.1172,-125.1957,8.4534,32.6453,40.506,2012-09-07T00:00:00Z,WCOA 2012
11,294.15781956895455,298.646,47.1172,-125.1957,10.2565,32.489,19.67,2012-09-07T00:00:00Z,WCOA 2012
11,275.8645578246277,273.382,47.1172,-125.1957,14.2125,32.1615,9.955,2012-09-07T00:00:00Z,WCOA 2012
12,15.301311467342632,14.455,47.1155,-125.0553,3.5223,34.4127,1078.772,2012-09-07T00:00:00Z,WCOA 2012
12,12.04140669063542,13.026,47.1155,-125.0553,3.6547,34.3955,1000.264,2012-09-07T00:00:00Z,WCOA 2012
12,11.043510963554516,11.681,47.1155,-125.0553,4.4171,34.27,751.841,2012-09-07T00:00:00Z,WCOA 2012
12,28.78892687564523,29.278,47.1155,-125.0553,5.3159,34.1195,499.719,2012-09-07T00:00:00Z,WCOA 2012
12,66.42358570704042,63.442,47.1155,-125.0553,6.6763,33.9911,300.187,2012-09-07T00:00:00Z,WCOA 2012
12,85.09313960797658,86.238,47.1155,-125.0553,7.0954,33.9373,201.242,2012-09-07T00:00:00Z,WCOA 2012
12,87.92564607960341,75.499,47.1155,-125.0553,7.2331,33.8916,150.154,2012-09-07T00:00:00Z,WCOA 2012
12,128.92995240985502,130.309,47.1155,-125.0553,7.7631,33.7689,100.989,2012-09-07T00:00:00Z,WCOA 2012
12,191.5498052060519,190.366,47.1155,-125.0553,8.0007,33.1913,60.295,2012-09-07T00:00:00Z,WCOA 2012
12,254.8248329144999,253.308,47.1155,-125.0553,8.1326,32.6667,40.372,2012-09-07T00:00:00Z,WCOA 2012
12,284.78769806236573,286.419,47.1155,-125.0553,12.4759,32.2038,19.998,2012-09-07T00:00:00Z,WCOA 2012
12,275.1370345810811,275.535,47.1155,-125.0553,14.3133,32.1217,2.345,2012-09-07T00:00:00Z,WCOA 2012
13,39.70678035193881,38.443,47.1112,-124.9845,5.6388,34.0898,452.726,2012-09-07T00:00:00Z,WCOA 2012
13,61.942263497052025,62.603,47.1112,-124.9845,6.5984,33.9966,300.622,2012-09-07T00:00:00Z,WCOA 2012
13,69.95193321612061,68.741,47.1112,-124.9845,6.9398,33.9464,200.213,2012-09-07T00:00:00Z,WCOA 2012
13,121.9613152405431,122.546,47.1112,-124.9845,7.675,33.822,123.82,2012-09-07T00:00:00Z,WCOA 2012
13,160.0356298366869,161.448,47.1112,-124.9845,7.8285,33.4779,80.569,2012-09-07T00:00:00Z,WCOA 2012
13,209.55560585288964,208.653,47.1112,-124.9845,7.5551,32.9467,50.95,2012-09-07T00:00:00Z,WCOA 2012
13,261.7084730945587,258.096,47.1112,-124.9845,8.9372,32.592,20.049,2012-09-07T00:00:00Z,WCOA 2012
13,272.7506911226594,278.128,47.1112,-124.9845,9.7743,32.4494,14.966,2012-09-07T00:00:00Z,WCOA 2012
13,277.4257598112475,277.267,47.1112,-124.9845,14.4245,32.053,2.709,2012-09-07T00:00:00Z,WCOA 2012
14,56.120977915400864,58.605,47.112,-124.8195,7.1145,33.9124,125.249,2012-09-07T00:00:00Z,WCOA 2012
14,89.1939952570309,93.087,47.112,-124.8195,7.3334,33.8126,100.491,2012-09-07T00:00:00Z,WCOA 2012
14,144.4450513957826,139.665,47.112,-124.8195,7.5142,33.5038,80.628,2012-09-07T00:00:00Z,WCOA 2012
14,196.8665673734649,186.02,47.112,-124.8195,7.4584,33.0557,50.107,2012-09-07T00:00:00Z,WCOA 2012
14,259.63181939973776,257.18,47.112,-124.8195,7.605,32.708,30.058,2012-09-07T00:00:00Z,WCOA 2012
14,276.696124766742,286.096,47.112,-124.8195,12.9129,32.2274,15.384,2012-09-07T00:00:00Z,WCOA 2012
14,286.5020255585027,288.561,47.112,-124.8195,14.0185,32.1312,1.876,2012-09-07T00:00:00Z,WCOA 2012
15,24.277491297099143,20.685,47.1127,-124.6442,7.2843,33.8407,80.463,2012-09-07T00:00:00Z,WCOA 2012
15,53.51861106684347,61.95,47.1127,-124.6442,7.3298,33.7585,70.408,2012-09-07T00:00:00Z,WCOA 2012
15,22.36768372632939,82.298,47.1127,-124.6442,7.4368,33.603,60.612,2012-09-07T00:00:00Z,WCOA 2012
15,131.92081166268576,142.952,47.1127,-124.6442,7.4356,33.3942,50.681,2012-09-07T00:00:00Z,WCOA 2012
15,193.25950028458854,196.99,47.1127,-124.6442,7.5231,33.0246,30.443,2012-09-07T00:00:00Z,WCOA 2012
15,218.12078526862587,196.614,47.1127,-124.6442,8.9237,32.7557,15.552,2012-09-07T00:00:00Z,WCOA 2012
15,295.31945783505375,296.509,47.1127,-124.6442,13.5038,32.3545,2.688,2012-09-07T00:00:00Z,WCOA 2012
16,109.36215556782108,90.476,47.1102,-124.3863,7.4555,33.5566,39.044,2012-09-07T00:00:00Z,WCOA 2012
16,163.45715105902536,183.142,47.1102,-124.3863,7.487,33.2036,30.708,2012-09-07T00:00:00Z,WCOA 2012
16,230.63454444822935,233.516,47.1102,-124.3863,10.964,32.6147,15.629,2012-09-07T00:00:00Z,WCOA 2012
16,289.3797275064201,287.057,47.1102,-124.3863,14.5176,32.0692,2.819,2012-09-07T00:00:00Z,WCOA 2012
19,69.57392153315502,71.124,46.667,-124.3602,7.4691,33.7887,60.698,2012-09-07T00:00:00Z,WCOA 2012
19,67.87671148698917,68.196,46.667,-124.3602,7.4625,33.793,60.376,2012-09-07T00:00:00Z,WCOA 2012
19,140.66924553325518,132.273,46.667,-124.3602,7.4989,33.4044,40.799,2012-09-07T00:00:00Z,WCOA 2012
19,153.65598983997324,149.019,46.667,-124.3602,8.0055,32.9859,21.108,2012-09-07T00:00:00Z,WCOA 2012
19,261.73988876034184,270.361,46.667,-124.3602,13.5883,31.7425,10.727,2012-09-07T00:00:00Z,WCOA 2012
19,297.02374514978425,299.773,46.667,-124.3602,15.1694,31.0307,1.931,2012-09-07T00:00:00Z,WCOA 2012
20,70.84182139386851,69.759,46.667,-124.2113,7.5771,33.6965,38.131,2012-09-07T00:00:00Z,WCOA 2012
20,70.84205014686074,70.337,46.667,-124.2113,7.5764,33.6923,29.895,2012-09-07T00:00:00Z,WCOA 2012
20,74.03748009766568,56.567,46.667,-124.2113,8.0417,33.4457,15.246,2012-09-07T00:00:00Z,WCOA 2012
20,198.10611588693536,132.484,46.667,-124.2113,12.7276,32.0227,2.307,2012-09-07T00:00:00Z,WCOA 2012
21,86.80734054519115,86.747,46.2103,-124.1943,7.5225,33.7519,46.272,2012-09-08T00:00:00Z,WCOA 2012
21,122.15779022417668,128.194,46.2103,-124.1943,7.6932,33.5872,29.395,2012-09-08T00:00:00Z,WCOA 2012
21,155.82323978736918,155.87,46.2103,-124.1943,7.7799,33.3914,20.022,2012-09-08T00:00:00Z,WCOA 2012
21,142.20586796194252,154.951,46.2103,-124.1943,9.2713,32.8207,10.596,2012-09-08T00:00:00Z,WCOA 2012
21,216.9541705257384,158.892,46.2103,-124.1943,12.0748,29.1479,2.084,2012-09-08T00:00:00Z,WCOA 2012
22,176.6955087983341,178.399,46.2537,-124.002,9.4025,32.2423,19.845,2012-09-08T00:00:00Z,WCOA 2012
22,184.49517991152803,186.154,46.2537,-124.002,9.8408,31.7141,14.714,2012-09-08T00:00:00Z,WCOA 2012
22,192.49924284446334,192.494,46.2537,-124.002,10.6576,30.2201,10.607,2012-09-08T00:00:00Z,WCOA 2012
22,196.91666567611486,197.378,46.2537,-124.002,10.9757,29.3559,8.636,2012-09-08T00:00:00Z,WCOA 2012
22,212.27298672432704,234.431,46.2537,-124.002,15.7592,14.2002,5.293,2012-09-08T00:00:00Z,WCOA 2012
22,253.41188570387763,244.939,46.2537,-124.002,16.946,10.2825,2.313,2012-09-08T00:00:00Z,WCOA 2012
23,194.24240672032525,186.114,46.23055,-124.12995,9.6613,32.6826,14.243,2012-09-08T00:00:00Z,WCOA 2012
23,206.5438550483884,209.792,46.23055,-124.12995,10.3042,32.434,11.096,2012-09-08T00:00:00Z,WCOA 2012
23,227.6302074390051,232.877,46.23055,-124.12995,11.0648,31.6159,8.695,2012-09-08T00:00:00Z,WCOA 2012
23,237.44224240690022,245.333,46.23055,-124.12995,11.6869,30.7873,6.354,2012-09-08T00:00:00Z,WCOA 2012
23,262.36613426441727,262.907,46.23055,-124.12995,13.2131,28.0435,1.734,2012-09-08T00:00:00Z,WCOA 2012
24,95.60217992953618,93.589,46.1272,-124.0917,7.5933,33.6922,36.078,2012-09-08T00:00:00Z,WCOA 2012
24,136.54417037154636,146.655,46.1272,-124.0917,7.6543,33.3401,20.069,2012-09-08T00:00:00Z,WCOA 2012
24,161.9744366409438,192.415,46.1272,-124.0917,10.1307,32.3362,10.702,2012-09-08T00:00:00Z,WCOA 2012
24,270.4686752573868,270.36,46.1272,-124.0917,15.3012,29.1806,2.634,2012-09-08T00:00:00Z,WCOA 2012
25,55.46912480176571,54.464,46.1278,-124.2678,7.2106,33.9131,85.565,2012-09-08T00:00:00Z,WCOA 2012
25,79.05577620536052,80.044,46.1278,-124.2678,7.3586,33.827,60.797,2012-09-08T00:00:00Z,WCOA 2012
25,117.1039720961102,119.288,46.1278,-124.2678,7.6734,33.646,40.962,2012-09-08T00:00:00Z,WCOA 2012
25,112.22691684679776,106.869,46.1278,-124.2678,7.9781,33.2327,21.157,2012-09-08T00:00:00Z,WCOA 2012
25,227.81516837178484,247.347,46.1278,-124.2678,12.511,32.4009,10.361,2012-09-08T00:00:00Z,WCOA 2012
25,277.7382975853747,278.692,46.1278,-124.2678,15.7922,28.6333,2.478,2012-09-08T00:00:00Z,WCOA 2012
26,43.80792495277711,44.086,46.1233,-124.5303,7.031,33.9347,130.135,2012-09-08T00:00:00Z,WCOA 2012
26,64.78011777312169,69.341,46.1233,-124.5303,7.1878,33.8911,100.454,2012-09-08T00:00:00Z,WCOA 2012
26,97.56082001463797,103.627,46.1233,-124.5303,7.5157,33.6711,80.437,2012-09-08T00:00:00Z,WCOA 2012
26,216.6579157454522,217.114,46.1233,-124.5303,7.8304,32.9641,50.755,2012-09-08T00:00:00Z,WCOA 2012
26,250.79058666867175,252.176,46.1233,-124.5303,8.0087,32.7866,41.62,2012-09-08T00:00:00Z,WCOA 2012
26,255.65243040963193,256.066,46.1233,-124.5303,8.1886,32.6768,31.278,2012-09-08T00:00:00Z,WCOA 2012
26,264.82530791340224,259.822,46.1233,-124.5303,9.3483,32.5554,15.89,2012-09-08T00:00:00Z,WCOA 2012
26,280.7739643893453,281.613,46.1233,-124.5303,15.2868,31.7216,2.326,2012-09-08T00:00:00Z,WCOA 2012
27,62.68596922185502,59.119,46.1192,-124.6687,6.9469,33.9682,284.542,2012-09-08T00:00:00Z,WCOA 2012
27,63.776931280632255,59.332,46.1192,-124.6687,7.0729,33.9215,202.299,2012-09-08T00:00:00Z,WCOA 2012
27,111.69482092087418,113.03,46.1192,-124.6687,7.5909,33.7821,125.403,2012-09-08T00:00:00Z,WCOA 2012
27,171.01912497366146,168.786,46.1192,-124.6687,8.0966,33.4086,82.323,2012-09-08T00:00:00Z,WCOA 2012
27,261.6467488951554,262.214,46.1192,-124.6687,8.1028,32.7399,50.832,2012-09-08T00:00:00Z,WCOA 2012
27,287.624229520708,284.608,46.1192,-124.6687,9.0545,32.6262,30.821,2012-09-08T00:00:00Z,WCOA 2012
27,329.3508951753109,335.164,46.1192,-124.6687,10.3274,32.5583,15.679,2012-09-08T00:00:00Z,WCOA 2012
27,279.43207419965864,297.795,46.1192,-124.6687,15.4015,31.7019,3.408,2012-09-08T00:00:00Z,WCOA 2012
28,26.426496272580767,24.819,46.108,-124.9105,2.923,34.4892,1351.262,2012-09-08T00:00:00Z,WCOA 2012
28,14.779914414976865,13.719,46.108,-124.9105,3.6277,34.4054,1002.57,2012-09-08T00:00:00Z,WCOA 2012
28,11.869887063138691,12.292,46.108,-124.9105,4.4768,34.2468,752.975,2012-09-08T00:00:00Z,WCOA 2012
28,35.09659216331781,35.947,46.108,-124.9105,5.6711,34.1015,501.81,2012-09-08T00:00:00Z,WCOA 2012
28,61.98606624883245,67.105,46.108,-124.9105,6.5918,33.9891,301.543,2012-09-08T00:00:00Z,WCOA 2012
28,119.09244567356996,119.897,46.108,-124.9105,7.7524,33.8044,150.247,2012-09-08T00:00:00Z,WCOA 2012
28,157.166920706929,154.829,46.108,-124.9105,7.9976,33.477,99.942,2012-09-08T00:00:00Z,WCOA 2012
28,218.2095623435083,224.688,46.108,-124.9105,7.8089,33.0543,79.985,2012-09-08T00:00:00Z,WCOA 2012
28,272.49328099652365,267.328,46.108,-124.9105,8.0246,32.7125,61.102,2012-09-08T00:00:00Z,WCOA 2012
28,306.9659126851807,307.045,46.108,-124.9105,9.8748,32.603,40.183,2012-09-08T00:00:00Z,WCOA 2012
28,294.0061219924013,285.77,46.108,-124.9105,14.914,32.1657,19.575,2012-09-08T00:00:00Z,WCOA 2012
28,252.56948510941027,253.635,46.108,-124.9105,16.9991,32.064,2.49,2012-09-08T00:00:00Z,WCOA 2012
29,12.38924935315805,11.25,46.1358,-125.1883,3.6863,34.3913,1012.386,2012-09-08T00:00:00Z,WCOA 2012
29,11.824128998909742,11.243,46.1358,-125.1883,3.6876,34.3911,1012.355,2012-09-08T00:00:00Z,WCOA 2012
29,12.171893405241716,11.251,46.1358,-125.1883,3.6857,34.3913,1012.395,2012-09-08T00:00:00Z,WCOA 2012
29,11.304443541850464,11.368,46.1358,-125.1883,4.3301,34.2513,749.156,2012-09-08T00:00:00Z,WCOA 2012
29,30.833250254125858,30.851,46.1358,-125.1883,5.4608,34.1244,501.325,2012-09-08T00:00:00Z,WCOA 2012
29,65.20300550341231,67.061,46.1358,-125.1883,6.5061,34.0145,300.039,2012-09-08T00:00:00Z,WCOA 2012
29,91.79201166716719,90.775,46.1358,-125.1883,7.0988,33.9477,200.841,2012-09-08T00:00:00Z,WCOA 2012
29,135.34329616757591,131.612,46.1358,-125.1883,8.0641,33.6614,125.914,2012-09-08T00:00:00Z,WCOA 2012
29,270.5060648651539,267.62,46.1358,-125.1883,8.3371,32.6932,61.185,2012-09-08T00:00:00Z,WCOA 2012
29,301.300970302984,306.21,46.1358,-125.1883,9.8708,32.6081,40.369,2012-09-08T00:00:00Z,WCOA 2012
29,296.19931588364193,282.56,46.1358,-125.1883,15.1176,32.1679,20.92,2012-09-08T00:00:00Z,WCOA 2012
29,256.4811527535875,256.733,46.1358,-125.1883,16.6934,32.0563,10.533,2012-09-08T00:00:00Z,WCOA 2012
29,254.13866773695685,256.316,46.1358,-125.1883,16.95,32.0597,1.988,2012-09-08T00:00:00Z,WCOA 2012
31,57.49515207295473,58.299,45.4975,-125.249,2.04,34.5841,1951.9,2012-09-09T00:00:00Z,WCOA 2012
31,31.380027072128318,31.837,45.4975,-125.249,2.6404,34.5162,1499.256,2012-09-09T00:00:00Z,WCOA 2012
31,11.606838359730624,12.31,45.4975,-125.249,3.7709,34.3943,1002.1,2012-09-09T00:00:00Z,WCOA 2012
31,11.391287671778027,11.293,45.4975,-125.249,4.4437,34.2793,751.423,2012-09-09T00:00:00Z,WCOA 2012
31,36.14047438336842,35.982,45.4975,-125.249,5.6688,34.0983,399.667,2012-09-09T00:00:00Z,WCOA 2012
31,102.79912770038442,102.66,45.4975,-125.249,7.1258,33.9426,200.168,2012-09-09T00:00:00Z,WCOA 2012
31,121.26209831211986,117.577,45.4975,-125.249,7.7271,33.8638,151.509,2012-09-09T00:00:00Z,WCOA 2012
31,188.95937979634002,189.017,45.4975,-125.249,7.883,33.3203,100.852,2012-09-09T00:00:00Z,WCOA 2012
31,256.6886699288592,256.068,45.4975,-125.249,9.0442,32.6655,60.592,2012-09-09T00:00:00Z,WCOA 2012
31,327.6112663347564,319.85,45.4975,-125.249,10.4419,32.5698,40.381,2012-09-09T00:00:00Z,WCOA 2012
31,297.53717603812356,296.703,45.4975,-125.249,14.7879,32.1408,21.904,2012-09-09T00:00:00Z,WCOA 2012
31,248.55621629232317,249.724,45.4975,-125.249,17.5613,31.0518,10.944,2012-09-09T00:00:00Z,WCOA 2012
31,247.3791905263807,249.425,45.4975,-125.249,17.5617,31.0393,2.623,2012-09-09T00:00:00Z,WCOA 2012
32,11.085713244864197,11.238,45.4962,-124.8262,4.0141,34.3644,886.255,2012-09-09T00:00:00Z,WCOA 2012
32,11.565180855591189,11.825,45.4962,-124.8262,4.4845,34.287,751.197,2012-09-09T00:00:00Z,WCOA 2012
32,31.39906063984578,30.721,45.4962,-124.8262,5.5405,34.1173,504.5,2012-09-09T00:00:00Z,WCOA 2012
32,61.026149267729,62.257,45.4962,-124.8262,6.4548,34.029,302.401,2012-09-09T00:00:00Z,WCOA 2012
32,103.15962028433657,103.553,45.4962,-124.8262,7.4643,33.8459,150.755,2012-09-09T00:00:00Z,WCOA 2012
32,151.16301168600214,152.078,45.4962,-124.8262,8.197,33.4931,101.684,2012-09-09T00:00:00Z,WCOA 2012
32,259.54772771259974,263.713,45.4962,-124.8262,8.7294,32.6831,60.759,2012-09-09T00:00:00Z,WCOA 2012
32,303.35172112893326,306.065,45.4962,-124.8262,9.874,32.5951,40.342,2012-09-09T00:00:00Z,WCOA 2012
32,312.41814525514746,314.864,45.4962,-124.8262,13.0051,32.3832,21.259,2012-09-09T00:00:00Z,WCOA 2012
32,250.34352618661865,249.865,45.4962,-124.8262,17.4196,31.261,10.498,2012-09-09T00:00:00Z,WCOA 2012
32,246.5915810062505,249.148,45.4962,-124.8262,17.4373,31.2447,3.096,2012-09-09T00:00:00Z,WCOA 2012
33,38.88086749922144,38.33,45.4932,-124.7415,5.7567,34.0939,487.921,2012-09-09T00:00:00Z,WCOA 2012
33,41.14337546520572,41.604,45.4932,-124.7415,5.8875,34.0844,407.294,2012-09-09T00:00:00Z,WCOA 2012
33,59.93838338112476,59.992,45.4932,-124.7415,6.4315,34.0326,303.029,2012-09-09T00:00:00Z,WCOA 2012
33,88.65917442254342,88.986,45.4932,-124.7415,7.1252,33.9611,201.391,2012-09-09T00:00:00Z,WCOA 2012
33,154.12189013914875,155.553,45.4932,-124.7415,8.1669,33.4945,100.985,2012-09-09T00:00:00Z,WCOA 2012
33,224.2949610125883,228.892,45.4932,-124.7415,8.2323,32.9369,60.591,2012-09-09T00:00:00Z,WCOA 2012
33,256.12954050681213,256.028,45.4932,-124.7415,8.2447,32.6972,39.939,2012-09-09T00:00:00Z,WCOA 2012
33,276.2872395861207,276.119,45.4932,-124.7415,14.7521,32.1629,19.755,2012-09-09T00:00:00Z,WCOA 2012
33,248.6050924472388,249.624,45.4932,-124.7415,17.314,31.1827,10.151,2012-09-09T00:00:00Z,WCOA 2012
33,247.47184740116666,249.35,45.4932,-124.7415,17.3249,31.1738,2.504,2012-09-09T00:00:00Z,WCOA 2012
34,76.8714319480558,77.049,45.5005,-124.3642,7.2114,33.9499,175.685,2012-09-09T00:00:00Z,WCOA 2012
34,77.22068315605019,78.034,45.5005,-124.3642,7.2684,33.9398,150.444,2012-09-09T00:00:00Z,WCOA 2012
34,104.46936492079813,104.371,45.5005,-124.3642,7.5903,33.8136,100.954,2012-09-09T00:00:00Z,WCOA 2012
34,140.92794465617015,140.3,45.5005,-124.3642,7.7767,33.4771,60.239,2012-09-09T00:00:00Z,WCOA 2012
34,221.81507869752576,219.259,45.5005,-124.3642,7.6879,32.8245,31.815,2012-09-09T00:00:00Z,WCOA 2012
34,258.70722680291834,261.28,45.5005,-124.3642,9.8852,32.5427,15.837,2012-09-09T00:00:00Z,WCOA 2012
34,266.8254374550275,282.357,45.5005,-124.3642,15.9927,30.3179,3.37,2012-09-09T00:00:00Z,WCOA 2012
35,74.61978729850601,75.701,45.5003,-124.1198,7.4914,33.8167,88.011,2012-09-09T00:00:00Z,WCOA 2012
35,74.53271826878233,74.097,45.5003,-124.1198,7.4903,33.8175,79.724,2012-09-09T00:00:00Z,WCOA 2012
35,115.70363065537616,116.433,45.5003,-124.1198,7.8165,33.76,60.193,2012-09-09T00:00:00Z,WCOA 2012
35,136.8291356071941,139.638,45.5003,-124.1198,7.8726,33.568,40.69,2012-09-09T00:00:00Z,WCOA 2012
35,145.69305554905304,143.272,45.5003,-124.1198,7.7911,33.2914,19.934,2012-09-09T00:00:00Z,WCOA 2012
35,206.5343711687826,202.982,45.5003,-124.1198,9.4103,33.1364,10.451,2012-09-09T00:00:00Z,WCOA 2012
35,234.92143361657187,209.347,45.5003,-124.1198,10.1613,33.076,1.956,2012-09-09T00:00:00Z,WCOA 2012
36,124.20311253496908,122.64,45.5017,-124.0355,8.0776,33.6589,49.544,2012-09-09T00:00:00Z,WCOA 2012
36,123.28975828167698,124.194,45.5017,-124.0355,8.0744,33.6527,40.437,2012-09-09T00:00:00Z,WCOA 2012
36,134.70192334381665,143.662,45.5017,-124.0355,8.1258,33.5641,30.252,2012-09-09T00:00:00Z,WCOA 2012
36,130.88749680770235,116.178,45.5017,-124.0355,7.8891,33.3648,19.9,2012-09-09T00:00:00Z,WCOA 2012
36,160.34338671831617,170.215,45.5017,-124.0355,8.0364,33.1377,15.013,2012-09-09T00:00:00Z,WCOA 2012
36,224.4835052008105,246.083,45.5017,-124.0355,10.0443,32.9649,10.149,2012-09-09T00:00:00Z,WCOA 2012
36,249.21664445391664,249.507,45.5017,-124.0355,10.8245,32.7093,2.04,2012-09-09T00:00:00Z,WCOA 2012
37,137.78683963124368,129.364,44.9975,-124.0712,8.0328,33.5954,46.53,2012-09-09T00:00:00Z,WCOA 2012
37,136.87855147366733,134.994,44.9975,-124.0712,8.1408,33.5619,40.686,2012-09-09T00:00:00Z,WCOA 2012
37,143.41494054127614,141.791,44.9975,-124.0712,7.957,33.4547,30.044,2012-09-09T00:00:00Z,WCOA 2012
37,195.17703605167728,210.086,44.9975,-124.0712,9.2227,33.0445,20.377,2012-09-09T00:00:00Z,WCOA 2012
37,238.98984049511722,251.63,44.9975,-124.0712,10.1841,32.7418,15.623,2012-09-09T00:00:00Z,WCOA 2012
37,262.29513260662895,266.314,44.9975,-124.0712,11.4617,32.3782,10.632,2012-09-09T00:00:00Z,WCOA 2012
37,274.81720522065393,276.594,44.9975,-124.0712,13.1018,31.875,2.169,2012-09-09T00:00:00Z,WCOA 2012
38,89.8107933604603,90.646,44.9985,-124.142,7.6743,33.7629,85.784,2012-09-09T00:00:00Z,WCOA 2012
38,89.76728236790706,90.851,44.9985,-124.142,7.6739,33.7629,80.013,2012-09-09T00:00:00Z,WCOA 2012
38,145.89521129031414,146.273,44.9985,-124.142,7.9736,33.4633,49.881,2012-09-09T00:00:00Z,WCOA 2012
38,179.09940721031657,177.986,44.9985,-124.142,7.7733,33.1473,39.777,2012-09-09T00:00:00Z,WCOA 2012
38,199.55528461875974,209.525,44.9985,-124.142,7.9206,32.9233,30.319,2012-09-09T00:00:00Z,WCOA 2012
38,243.32351499383375,241.023,44.9985,-124.142,9.2595,32.6708,16.033,2012-09-09T00:00:00Z,WCOA 2012
38,269.9363080210645,269,44.9985,-124.142,14.297,31.7389,2.115,2012-09-09T00:00:00Z,WCOA 2012
39,72.56959820114237,72.088,44.9948,-124.3367,7.4481,33.9012,174.232,2012-09-10T00:00:00Z,WCOA 2012
39,74.00553039010985,76.174,44.9948,-124.3367,7.4556,33.8994,149.613,2012-09-10T00:00:00Z,WCOA 2012
39,134.0397788701706,131.992,44.9948,-124.3367,7.939,33.6185,102.154,2012-09-10T00:00:00Z,WCOA 2012
39,222.24770292797209,225.468,44.9948,-124.3367,8.0884,32.914,60.481,2012-09-10T00:00:00Z,WCOA 2012
39,246.915498039475,249.315,44.9948,-124.3367,9.0066,32.744,40.955,2012-09-10T00:00:00Z,WCOA 2012
39,270.07444441035324,267.242,44.9948,-124.3367,11.5344,32.2915,20.366,2012-09-10T00:00:00Z,WCOA 2012
39,269.4072057438008,264.448,44.9948,-124.3367,15.4953,31.8819,10.401,2012-09-10T00:00:00Z,WCOA 2012
39,264.39271300994596,264.461,44.9948,-124.3367,15.5592,31.8822,2.636,2012-09-10T00:00:00Z,WCOA 2012
40,29.267164949366492,29.475,44.9992,-124.738,5.3845,34.1346,557.763,2012-09-10T00:00:00Z,WCOA 2012
40,40.7080081291771,41.274,44.9992,-124.738,5.8408,34.0901,500.609,2012-09-10T00:00:00Z,WCOA 2012
40,70.29673418557958,71.176,44.9992,-124.738,6.9175,34.0006,300.275,2012-09-10T00:00:00Z,WCOA 2012
40,70.95625251431453,67.221,44.9992,-124.738,7.3356,33.9466,200.655,2012-09-10T00:00:00Z,WCOA 2012
40,94.19639129949606,99.035,44.9992,-124.738,7.5827,33.8732,125.481,2012-09-10T00:00:00Z,WCOA 2012
40,185.7139508344752,196.091,44.9992,-124.738,8.0637,33.2188,80.495,2012-09-10T00:00:00Z,WCOA 2012
40,247.27454812551622,251.294,44.9992,-124.738,8.1906,32.7603,60.561,2012-09-10T00:00:00Z,WCOA 2012
40,270.9827500963672,263.503,44.9992,-124.738,9.1687,32.6571,40.41,2012-09-10T00:00:00Z,WCOA 2012
40,317.3639211713836,317.435,44.9992,-124.738,12.5111,32.3612,20.624,2012-09-10T00:00:00Z,WCOA 2012
40,264.8351261966307,263.615,44.9992,-124.738,15.9782,31.533,10.485,2012-09-10T00:00:00Z,WCOA 2012
40,260.04364574639425,261.295,44.9992,-124.738,16.1164,31.5212,2.271,2012-09-10T00:00:00Z,WCOA 2012
41,12.390094750449377,11.709,44.9915,-124.9823,4.091,34.3555,889.833,2012-09-10T00:00:00Z,WCOA 2012
41,12.739136646506344,11.679,44.9915,-124.9823,4.4979,34.2841,751.124,2012-09-10T00:00:00Z,WCOA 2012
41,31.4421376675602,32.078,44.9915,-124.9823,5.3917,34.112,500.309,2012-09-10T00:00:00Z,WCOA 2012
41,65.85602271126271,62.816,44.9915,-124.9823,6.6654,34.0302,300.272,2012-09-10T00:00:00Z,WCOA 2012
41,94.44837824633902,94.74,44.9915,-124.9823,7.3486,33.955,201.114,2012-09-10T00:00:00Z,WCOA 2012
41,123.61211720745038,122.593,44.9915,-124.9823,7.7609,33.8649,151.546,2012-09-10T00:00:00Z,WCOA 2012
41,160.47805771140503,154.953,44.9915,-124.9823,8.3105,33.5094,100.358,2012-09-10T00:00:00Z,WCOA 2012
41,217.81028208678092,215.801,44.9915,-124.9823,8.563,32.9798,60.221,2012-09-10T00:00:00Z,WCOA 2012
41,258.26096762879274,259.083,44.9915,-124.9823,9.0526,32.6463,39.505,2012-09-10T00:00:00Z,WCOA 2012
41,276.2601583407658,274.273,44.9915,-124.9823,12.6226,32.1546,20.157,2012-09-10T00:00:00Z,WCOA 2012
41,269.99860998605726,266.499,44.9915,-124.9823,14.9963,31.6229,10.196,2012-09-10T00:00:00Z,WCOA 2012
41,263.3847472318638,174.697,44.9915,-124.9823,15.5926,31.4725,3.408,2012-09-10T00:00:00Z,WCOA 2012
42,83.69409145948583,85.625,44.6517,-125.6095,1.7221,34.6439,2882.358,2012-09-10T00:00:00Z,WCOA 2012
42,63.31772741670971,63.289,44.6517,-125.6095,1.9813,34.5947,1999.746,2012-09-10T00:00:00Z,WCOA 2012
42,12.085024670325705,12.215,44.6517,-125.6095,3.8072,34.3986,1002.686,2012-09-10T00:00:00Z,WCOA 2012
42,10.956685770161952,12.294,44.6517,-125.6095,4.5642,34.2744,749.933,2012-09-10T00:00:00Z,WCOA 2012
42,30.745798557617878,31.204,44.6517,-125.6095,5.1843,34.1035,501.071,2012-09-10T00:00:00Z,WCOA 2012
42,80.29645696017651,81.224,44.6517,-125.6095,6.2173,33.9711,300.678,2012-09-10T00:00:00Z,WCOA 2012
42,95.31852845394415,98.436,44.6517,-125.6095,7.2478,33.9363,200.68,2012-09-10T00:00:00Z,WCOA 2012
42,138.4747786540151,137.518,44.6517,-125.6095,8.031,33.6728,126.384,2012-09-10T00:00:00Z,WCOA 2012
42,234.6254148469132,227.2,44.6517,-125.6095,8.2465,32.8805,80.387,2012-09-10T00:00:00Z,WCOA 2012
42,273.83210980538496,267.927,44.6517,-125.6095,9.3644,32.6103,50.76,2012-09-10T00:00:00Z,WCOA 2012
42,308.3979402869796,305.824,44.6517,-125.6095,13.2653,32.3017,30.547,2012-09-10T00:00:00Z,WCOA 2012
42,259.9056862580562,267.581,44.6517,-125.6095,15.8933,31.4918,15.666,2012-09-10T00:00:00Z,WCOA 2012
42,251.64835296792762,251.451,44.6517,-125.6095,17.0028,30.9316,2.386,2012-09-10T00:00:00Z,WCOA 2012
43,75.87502667444485,74.675,44.654,-125.2272,1.8588,34.6139,2276.635,2012-09-10T00:00:00Z,WCOA 2012
43,33.03166603566318,34.441,44.654,-125.2272,2.6903,34.5192,1501.67,2012-09-10T00:00:00Z,WCOA 2012
43,10.391212907606127,11.095,44.654,-125.2272,4.4283,34.2867,752.419,2012-09-10T00:00:00Z,WCOA 2012
43,26.91860793902604,30.183,44.654,-125.2272,5.3044,34.1343,502.351,2012-09-10T00:00:00Z,WCOA 2012
43,38.272092277404106,37.764,44.654,-125.2272,5.773,34.0943,401.103,2012-09-10T00:00:00Z,WCOA 2012
43,92.5763303552966,94.878,44.654,-125.2272,7.2509,33.9567,201.131,2012-09-10T00:00:00Z,WCOA 2012
43,118.69674864029636,133.064,44.654,-125.2272,7.7558,33.85,151.003,2012-09-10T00:00:00Z,WCOA 2012
43,134.28806129831008,136.765,44.654,-125.2272,8.0056,33.7554,125.275,2012-09-10T00:00:00Z,WCOA 2012
43,185.31666400628055,184.07,44.654,-125.2272,8.6287,33.3655,79.931,2012-09-10T00:00:00Z,WCOA 2012
43,230.46713187752388,240.156,44.654,-125.2272,8.9684,32.8953,49.626,2012-09-10T00:00:00Z,WCOA 2012
43,278.3072618656959,263.244,44.654,-125.2272,10.0544,32.6047,30.012,2012-09-10T00:00:00Z,WCOA 2012
43,288.09665943045803,298.55,44.654,-125.2272,12.5546,32.2442,15.4,2012-09-10T00:00:00Z,WCOA 2012
43,259.82772037074,262.9,44.654,-125.2272,15.5093,31.5583,2.612,2012-09-10T00:00:00Z,WCOA 2012
44,13.128852706143245,12.325,44.6502,-125.0658,3.9944,34.3718,968.09,2012-09-10T00:00:00Z,WCOA 2012
44,15.130600114057463,13.531,44.6502,-125.0658,4.5142,34.2728,752.204,2012-09-10T00:00:00Z,WCOA 2012
44,31.789848217783252,30.295,44.6502,-125.0658,5.3715,34.117,502.166,2012-09-10T00:00:00Z,WCOA 2012
44,44.667309065287675,46.268,44.6502,-125.0658,6.0153,34.073,403.267,2012-09-10T00:00:00Z,WCOA 2012
44,113.93894619559045,80.687,44.6502,-125.0658,7.1921,33.9212,202.254,2012-09-10T00:00:00Z,WCOA 2012
44,87.45374584016525,79.616,44.6502,-125.0658,7.6398,33.8651,152.338,2012-09-10T00:00:00Z,WCOA 2012
44,156.3721354777498,155.935,44.6502,-125.0658,8.3544,33.6394,101.218,2012-09-10T00:00:00Z,WCOA 2012
44,217.49639425585158,211.372,44.6502,-125.0658,8.4707,33.0166,60.658,2012-09-10T00:00:00Z,WCOA 2012
44,258.30661568185224,257.056,44.6502,-125.0658,9.5219,32.7309,40.383,2012-09-10T00:00:00Z,WCOA 2012
44,291.312356608054,302.84,44.6502,-125.0658,12.1824,32.2011,20.446,2012-09-10T00:00:00Z,WCOA 2012
44,283.63810288190825,273.573,44.6502,-125.0658,14.5736,32.0078,10.383,2012-09-10T00:00:00Z,WCOA 2012
44,265.22478182493234,264.607,44.6502,-125.0658,15.1723,31.9767,3.772,2012-09-10T00:00:00Z,WCOA 2012
45,12.434946801446177,12.69,44.6528,-124.9583,4.5011,34.2682,741.542,2012-09-10T00:00:00Z,WCOA 2012
45,33.05179081125885,34.692,44.6528,-124.9583,5.4686,34.1007,500.783,2012-09-10T00:00:00Z,WCOA 2012
45,54.45565494417848,55.633,44.6528,-124.9583,6.2038,34.0454,399.887,2012-09-10T00:00:00Z,WCOA 2012
45,102.83761355545718,99.691,44.6528,-124.9583,6.7848,33.9464,260.014,2012-09-10T00:00:00Z,WCOA 2012
45,77.57378849299928,78.717,44.6528,-124.9583,7.4801,33.8924,149.717,2012-09-10T00:00:00Z,WCOA 2012
45,138.42974399846577,140.668,44.6528,-124.9583,8.0884,33.6984,100.491,2012-09-10T00:00:00Z,WCOA 2012
45,174.22057709375463,181.528,44.6528,-124.9583,8.261,33.2603,60.029,2012-09-10T00:00:00Z,WCOA 2012
45,231.4644410898033,232.917,44.6528,-124.9583,8.7768,32.8822,40.933,2012-09-10T00:00:00Z,WCOA 2012
45,291.5147800004901,289.716,44.6528,-124.9583,11.1937,32.4335,20.114,2012-09-10T00:00:00Z,WCOA 2012
45,267.85127735422094,268.033,44.6528,-124.9583,15.0635,31.9031,1.782,2012-09-10T00:00:00Z,WCOA 2012
46,77.43432143010065,77.793,44.6535,-124.7865,7.1832,33.9881,273.978,2012-09-10T00:00:00Z,WCOA 2012
46,80.70021481501544,81.087,44.6535,-124.7865,7.4087,33.9775,199.693,2012-09-10T00:00:00Z,WCOA 2012
46,105.55179321674613,102.334,44.6535,-124.7865,7.6241,33.8853,129.945,2012-09-10T00:00:00Z,WCOA 2012
46,129.29182419428287,131.485,44.6535,-124.7865,7.9021,33.6559,79.707,2012-09-10T00:00:00Z,WCOA 2012
46,216.02808969849775,217.159,44.6535,-124.7865,8.43,32.9356,40.055,2012-09-10T00:00:00Z,WCOA 2012
46,225.88897517057651,228.302,44.6535,-124.7865,8.5945,32.8536,30.049,2012-09-10T00:00:00Z,WCOA 2012
46,259.8955181522042,255.062,44.6535,-124.7865,9.9859000000000009,32.5035,20.135,2012-09-10T00:00:00Z,WCOA 2012
46,289.5743663875438,289.783,44.6535,-124.7865,12.8556,32.1412,10.719,2012-09-10T00:00:00Z,WCOA 2012
46,281.1859164431453,282.001,44.6535,-124.7865,14.3173,31.9825,2.367,2012-09-10T00:00:00Z,WCOA 2012
47,75.70017637359933,75.513,44.6512,-124.6002,7.452,33.9348,188.055,2012-09-11T00:00:00Z,WCOA 2012
47,85.75136751091752,86.675,44.6512,-124.6002,7.608,33.9433,150.222,2012-09-11T00:00:00Z,WCOA 2012
47,116.00330520128715,106.645,44.6512,-124.6002,7.8628,33.8233,99.929,2012-09-11T00:00:00Z,WCOA 2012
47,149.7351461131508,149.271,44.6512,-124.6002,7.9194,33.368,57.707,2012-09-11T00:00:00Z,WCOA 2012
47,224.49333332603643,220.138,44.6512,-124.6002,8.1719,32.7852,30.165,2012-09-11T00:00:00Z,WCOA 2012
47,261.39749642442797,268.335,44.6512,-124.6002,9.6121,32.5406,15.795,2012-09-11T00:00:00Z,WCOA 2012
47,282.51524336692023,282.679,44.6512,-124.6002,13.8823,31.9743,3.274,2012-09-11T00:00:00Z,WCOA 2012
48,28.541393836569693,26.671,44.6592,-124.349,7.4493,33.865,78.76,2012-09-11T00:00:00Z,WCOA 2012
48,100.39647425649304,99.844,44.6592,-124.349,7.7659,33.6237,60.094,2012-09-11T00:00:00Z,WCOA 2012
48,173.26188144867456,170.38,44.6592,-124.349,7.8945,33.1995,30.495,2012-09-11T00:00:00Z,WCOA 2012
48,108.17758420887051,291.566,44.6592,-124.349,11.7267,32.448,10.722,2012-09-11T00:00:00Z,WCOA 2012
48,296.1253766429302,291.78,44.6592,-124.349,12.4725,32.3893,2.334,2012-09-11T00:00:00Z,WCOA 2012
49,298.04194681124756,106.216,44.655,-124.1407,7.9306,33.7166,42.511,2012-09-11T00:00:00Z,WCOA 2012
49,119.97925264648217,123.901,44.655,-124.1407,8.1188,33.6944,35.898,2012-09-11T00:00:00Z,WCOA 2012
49,158.4342895272924,141.11,44.655,-124.1407,8.1435,33.4633,20.657,2012-09-11T00:00:00Z,WCOA 2012
49,210.3270226319731,236.166,44.655,-124.1407,9.2501,33.3487,10.464,2012-09-11T00:00:00Z,WCOA 2012
50,68.59780298770646,68.172,44.2052,-124.981,6.7627,34.0196,324.797,2012-09-11T00:00:00Z,WCOA 2012
50,69.42423103832402,67.198,44.2052,-124.981,6.7404,34.0172,298.685,2012-09-11T00:00:00Z,WCOA 2012
50,72.78895161031299,73.757,44.2052,-124.981,7.5826,33.8924,201.572,2012-09-11T00:00:00Z,WCOA 2012
50,83.27761147141557,74.561,44.2052,-124.981,7.6711,33.8589,151.503,2012-09-11T00:00:00Z,WCOA 2012
50,109.70657408803021,109.578,44.2052,-124.981,7.826,33.6673,100.962,2012-09-11T00:00:00Z,WCOA 2012
50,180.56567762431266,175.15,44.2052,-124.981,8.624,33.4083,59.884,2012-09-11T00:00:00Z,WCOA 2012
50,231.78475712736164,234.714,44.2052,-124.981,9.6236,32.966,41.715,2012-09-11T00:00:00Z,WCOA 2012
50,275.1668642997969,276.3,44.2052,-124.981,12.6724,32.6016,20.266,2012-09-11T00:00:00Z,WCOA 2012
50,280.47069511031384,282.556,44.2052,-124.981,13.2027,32.3897,8.955,2012-09-11T00:00:00Z,WCOA 2012
50,280.55772061083195,282.271,44.2052,-124.981,13.2072,32.3919,2.054,2012-09-11T00:00:00Z,WCOA 2012
51,27.453604158149922,26.739,44.1983,-124.5783,7.539,33.8849,95.592,2012-09-11T00:00:00Z,WCOA 2012
51,27.932197360193335,27.071,44.1983,-124.5783,7.5392,33.8848,92.08,2012-09-11T00:00:00Z,WCOA 2012
51,30.325177095928552,31.705,44.1983,-124.5783,7.5419,33.8839,86.626,2012-09-11T00:00:00Z,WCOA 2012
51,113.442383465602,117.037,44.1983,-124.5783,7.8545,33.75,60.464,2012-09-11T00:00:00Z,WCOA 2012
51,128.17792078792755,132.263,44.1983,-124.5783,8.0081,33.4973,40.849,2012-09-11T00:00:00Z,WCOA 2012
51,251.18101860189827,188.581,44.1983,-124.5783,9.2512,33.2632,30.867,2012-09-11T00:00:00Z,WCOA 2012
51,294.9367388328717,299.185,44.1983,-124.5783,11.6989,32.6449,11.616,2012-09-11T00:00:00Z,WCOA 2012
51,295.9394200421299,298.819,44.1983,-124.5783,11.6992,32.6435,3.328,2012-09-11T00:00:00Z,WCOA 2012
52,60.435223657111216,64.513,44.2005,-124.4223,7.629,33.8477,84.968,2012-09-11T00:00:00Z,WCOA 2012
52,122.5134839027805,121.331,44.2005,-124.4223,8.3371,33.6268,60.895,2012-09-11T00:00:00Z,WCOA 2012
52,171.89773235462562,172.769,44.2005,-124.4223,9.1586,33.5559,40.771,2012-09-11T00:00:00Z,WCOA 2012
52,259.7495047178051,262.889,44.2005,-124.4223,10.361,33.3232,20.534,2012-09-11T00:00:00Z,WCOA 2012
52,286.348422976582,296.76,44.2005,-124.4223,11.1926,32.5429,10.803,2012-09-11T00:00:00Z,WCOA 2012
53,75.23121264772168,75.292,44.2002,-124.2613,7.7135,33.8179,63.332,2012-09-11T00:00:00Z,WCOA 2012
53,101.90819549421086,108.783,44.2002,-124.2613,7.8006,33.7766,48.963,2012-09-11T00:00:00Z,WCOA 2012
53,118.89488379273318,126.67,44.2002,-124.2613,7.9313,33.6199,31.882,2012-09-11T00:00:00Z,WCOA 2012
53,177.39520575470692,178.165,44.2002,-124.2613,9.259,33.4826,14.956,2012-09-11T00:00:00Z,WCOA 2012
53,347.17176113574214,348.925,44.2002,-124.2613,11.4464,32.9745,2.449,2012-09-11T00:00:00Z,WCOA 2012
54,73.45370000802062,66.76,44.2037,-124.1673,7.9151,33.7409,34.958,2012-09-11T00:00:00Z,WCOA 2012
54,171.3533491314062,180.349,44.2037,-124.1673,8.8518,33.663,20.176,2012-09-11T00:00:00Z,WCOA 2012
54,245.77448571488623,259.308,44.2037,-124.1673,9.9096,33.4418,10.957,2012-09-11T00:00:00Z,WCOA 2012
54,281.9304324026307,279.974,44.2037,-124.1673,10.2486,33.4265,2.498,2012-09-11T00:00:00Z,WCOA 2012
55,139.21449334260268,138.806,43.3987,-124.3868,8.4245,33.7503,42.506,2012-09-12T00:00:00Z,WCOA 2012
55,151.14680201582908,150.486,43.3987,-124.3868,8.5078,33.6945,29.797,2012-09-12T00:00:00Z,WCOA 2012
55,159.43410830408027,156.68,43.3987,-124.3868,8.3746,33.5178,21.917,2012-09-12T00:00:00Z,WCOA 2012
55,240.9575642834213,225.989,43.3987,-124.3868,9.544,33.2783,10.737,2012-09-12T00:00:00Z,WCOA 2012
55,245.50553704919258,244.981,43.3987,-124.3868,9.7881,33.2245,2.376,2012-09-12T00:00:00Z,WCOA 2012
56,114.5755994927359,114.033,43.4038,-124.4325,8.2529,33.8036,85.018,2012-09-12T00:00:00Z,WCOA 2012
56,115.49011322680451,115.41,43.4038,-124.4325,8.2668,33.7985,79.889,2012-09-12T00:00:00Z,WCOA 2012
56,147.32300194436033,147.608,43.4038,-124.4325,8.3091,33.6024,48.77,2012-09-12T00:00:00Z,WCOA 2012
56,192.64602318757358,196.176,43.4038,-124.4325,8.8177,33.2953,29.71,2012-09-12T00:00:00Z,WCOA 2012
56,254.19524406133837,251.138,43.4038,-124.4325,9.7516,33.091,14.793,2012-09-12T00:00:00Z,WCOA 2012
56,255.37502370900066,250.747,43.4038,-124.4325,9.8316,33.0878,3.812,2012-09-12T00:00:00Z,WCOA 2012
57,92.32226483939603,90.844,43.4022,-124.644,7.7931,33.9566,188.76,2012-09-12T00:00:00Z,WCOA 2012
57,103.68244178092571,105.218,43.4022,-124.644,7.9093,33.9184,150.45,2012-09-12T00:00:00Z,WCOA 2012
57,126.14542390498228,127.11,43.4022,-124.644,8.118,33.8318,101.275,2012-09-12T00:00:00Z,WCOA 2012
57,201.65671254294023,199.612,43.4022,-124.644,9.0935,33.3578,59.471,2012-09-12T00:00:00Z,WCOA 2012
57,232.62515251062138,229.411,43.4022,-124.644,9.5673,33.1272,41.033,2012-09-12T00:00:00Z,WCOA 2012
57,261.6711649120153,260.765,43.4022,-124.644,10.3767,32.8604,20.779,2012-09-12T00:00:00Z,WCOA 2012
57,262.4173220789032,260.347,43.4022,-124.644,10.4264,32.8434,9.667,2012-09-12T00:00:00Z,WCOA 2012
58,20.74176144764145,18.781,43.403,-124.8442,4.9546,34.186,585.142,2012-09-12T00:00:00Z,WCOA 2012
58,29.179778552942114,26.826,43.403,-124.8442,5.2557,34.1345,503.234,2012-09-12T00:00:00Z,WCOA 2012
58,61.024894961615,60.857,43.403,-124.8442,6.2663,34.0248,306.765,2012-09-12T00:00:00Z,WCOA 2012
58,128.83034232133926,116.451,43.403,-124.8442,7.58,33.8621,149.498,2012-09-12T00:00:00Z,WCOA 2012
58,163.86084748813883,167.768,43.403,-124.8442,8.1978,33.5852,101.334,2012-09-12T00:00:00Z,WCOA 2012
58,246.03255707641418,243.58,43.403,-124.8442,10.0034,33.0127,50.588,2012-09-12T00:00:00Z,WCOA 2012
58,271.67860538538997,271.896,43.403,-124.8442,11.3889,32.7225,20.534,2012-09-12T00:00:00Z,WCOA 2012
58,274.5741096237013,271.498,43.403,-124.8442,11.6238,32.6834,3.045,2012-09-12T00:00:00Z,WCOA 2012
59,59.62460049432982,59.168,43.4045,-125.269,2.0351,34.5843,1873.058,2012-09-12T00:00:00Z,WCOA 2012
59,32.205603805652515,32.412,43.4045,-125.269,2.5899,34.5194,1498.015,2012-09-12T00:00:00Z,WCOA 2012
59,13.519269288240517,13.031,43.4045,-125.269,3.6536,34.4091,1000.028,2012-09-12T00:00:00Z,WCOA 2012
59,30.701787999730907,30.862,43.4045,-125.269,5.0509,34.1063,495.54,2012-09-12T00:00:00Z,WCOA 2012
59,95.44670491593982,93.348,43.4045,-125.269,7.1622,33.9531,203.631,2012-09-12T00:00:00Z,WCOA 2012
59,150.35922504213784,152.389,43.4045,-125.269,8.2334,33.6764,124.706,2012-09-12T00:00:00Z,WCOA 2012
59,239.42502348864556,244.211,43.4045,-125.269,9.2597,32.7887,59.334,2012-09-12T00:00:00Z,WCOA 2012
59,280.2501472782595,272.699,43.4045,-125.269,10.6928,32.6219,40.064,2012-09-12T00:00:00Z,WCOA 2012
59,273.6378684811243,271.194,43.4045,-125.269,13.9135,32.3043,15.755,2012-09-12T00:00:00Z,WCOA 2012
59,273.59420900779327,270.65,43.4045,-125.269,13.9073,32.3034,2.486,2012-09-12T00:00:00Z,WCOA 2012
60,98.815924876079,93.665,41.7255,-125.6277,1.6949,34.6468,2962.556,2012-09-13T00:00:00Z,WCOA 2012
60,84.47769977480802,85.803,41.7255,-125.6277,1.7689,34.6298,2499.737,2012-09-13T00:00:00Z,WCOA 2012
60,67.22833613946567,67.654,41.7255,-125.6277,1.9264,34.6005,1999.215,2012-09-13T00:00:00Z,WCOA 2012
60,32.0756228886326,32.446,41.7255,-125.6277,2.72,34.5169,1501.524,2012-09-13T00:00:00Z,WCOA 2012
60,12.563204809884928,13.339,41.7255,-125.6277,3.8472,34.404,1006.544,2012-09-13T00:00:00Z,WCOA 2012
60,31.399091751383768,32.001,41.7255,-125.6277,5.5422,34.1163,502.366,2012-09-13T00:00:00Z,WCOA 2012
60,68.0762423365214,69.728,41.7255,-125.6277,6.8296,34.0232,301.243,2012-09-13T00:00:00Z,WCOA 2012
60,124.57467989094411,122.844,41.7255,-125.6277,7.9318,33.8406,149.573,2012-09-13T00:00:00Z,WCOA 2012
60,186.1541430327783,163.809,41.7255,-125.6277,9.1428,33.701,100.207,2012-09-13T00:00:00Z,WCOA 2012
60,209.270834610395,214.568,41.7255,-125.6277,9.31,33.4307,59.915,2012-09-13T00:00:00Z,WCOA 2012
60,261.19293128681966,267.86,41.7255,-125.6277,10.9016,33.1918,30.571,2012-09-13T00:00:00Z,WCOA 2012
60,268.7247408804437,267.414,41.7255,-125.6277,12.003,33.0374,10.917,2012-09-13T00:00:00Z,WCOA 2012
61,19.34329190417737,19.746,41.847,-125.0477,3.473,34.4524,1153.543,2012-09-13T00:00:00Z,WCOA 2012
61,10.869373499821952,11.355,41.847,-125.0477,4.4739,34.3043,749.942,2012-09-13T00:00:00Z,WCOA 2012
61,40.92620086155951,41.633,41.847,-125.0477,5.9216,34.0808,400.28,2012-09-13T00:00:00Z,WCOA 2012
61,77.26365684171853,77.747,41.847,-125.0477,7.6122,34.0097,200.659,2012-09-13T00:00:00Z,WCOA 2012
61,81.05881163745516,79.45,41.847,-125.0477,8.1432,33.9447,100.558,2012-09-13T00:00:00Z,WCOA 2012
61,174.4967108976461,169.138,41.847,-125.0477,9.1802,33.6562,49.327,2012-09-13T00:00:00Z,WCOA 2012
61,260.80358844095247,258.003,41.847,-125.0477,10.8784,33.3934,20.31,2012-09-13T00:00:00Z,WCOA 2012
61,263.4693813308501,262.224,41.847,-125.0477,11.0903,33.3952,2.389,2012-09-13T00:00:00Z,WCOA 2012
62,60.15842105315667,60.29,41.9418,-124.5863,6.9186,34.0589,332.123,2012-09-13T00:00:00Z,WCOA 2012
62,78.6172008109146,79.048,41.9418,-124.5863,8.0346,34.0064,200.014,2012-09-13T00:00:00Z,WCOA 2012
62,111.17789602296172,111.346,41.9418,-124.5863,8.5221,33.8962,124.939,2012-09-13T00:00:00Z,WCOA 2012
62,136.30383685181053,137.934,41.9418,-124.5863,8.9292,33.8005,79.616,2012-09-13T00:00:00Z,WCOA 2012
62,189.18818738838658,190.502,41.9418,-124.5863,9.8237,33.6299,50.072,2012-09-13T00:00:00Z,WCOA 2012
62,231.89304269492376,231.439,41.9418,-124.5863,10.4806,33.5242,30.456,2012-09-13T00:00:00Z,WCOA 2012
62,238.03760178349083,236.541,41.9418,-124.5863,10.5145,33.502,16.041,2012-09-13T00:00:00Z,WCOA 2012
62,245.10711845159707,244.347,41.9418,-124.5863,10.7555,33.4709,2.685,2012-09-13T00:00:00Z,WCOA 2012
63,123.63362565516609,122.656,41.9702,-124.4803,8.7373,33.8254,80.829,2012-09-13T00:00:00Z,WCOA 2012
63,166.91684070315418,167.432,41.9702,-124.4803,9.2233,33.7145,50.972,2012-09-13T00:00:00Z,WCOA 2012
63,189.2185490860545,189.322,41.9702,-124.4803,9.5009,33.6537,30.05,2012-09-13T00:00:00Z,WCOA 2012
63,202.63898361203198,203.695,41.9702,-124.4803,9.7253,33.6128,15.153,2012-09-13T00:00:00Z,WCOA 2012
63,221.60337025647678,221.24,41.9702,-124.4803,10.3223,33.5747,2.496,2012-09-13T00:00:00Z,WCOA 2012
64,138.389341717905,132.473,41.9953,-124.3462,8.7894,33.806,38.978,2012-09-13T00:00:00Z,WCOA 2012
64,150.84650253086838,149.022,41.9953,-124.3462,9.0451,33.7637,20.647,2012-09-13T00:00:00Z,WCOA 2012
64,161.3868144621349,160.77,41.9953,-124.3462,9.2451,33.7394,9.831,2012-09-13T00:00:00Z,WCOA 2012
65,176.08003164614618,175.357,40.8325,-124.2642,9.6583,33.6335,41.568,2012-09-14T00:00:00Z,WCOA 2012
65,255.45907541319107,252.054,40.8325,-124.2642,10.7722,33.5331,20.363,2012-09-14T00:00:00Z,WCOA 2012
65,312.6355778758134,306.261,40.8325,-124.2642,11.5244,33.4971,11.143,2012-09-14T00:00:00Z,WCOA 2012
66,126.6013003094282,124.467,40.8548,-124.3548,9.0239,33.795,83.639,2012-09-14T00:00:00Z,WCOA 2012
66,136.18020277987034,138.296,40.8548,-124.3548,9.0583,33.7603,60.624,2012-09-14T00:00:00Z,WCOA 2012
66,181.8805937716183,181.347,40.8548,-124.3548,9.4819,33.5172,30.282,2012-09-14T00:00:00Z,WCOA 2012
66,281.0600376462389,282.564,40.8548,-124.3548,11.8498,33.3834,3.226,2012-09-14T00:00:00Z,WCOA 2012
67,41.92722411429126,41.32,40.8873,-124.4907,6.208,34.1041,440.11,2012-09-14T00:00:00Z,WCOA 2012
67,69.64382581917481,69.607,40.8873,-124.4907,7.1095,34.0414,300.157,2012-09-14T00:00:00Z,WCOA 2012
67,85.8802779275043,83.261,40.8873,-124.4907,7.8528,34.0119,200.201,2012-09-14T00:00:00Z,WCOA 2012
67,138.8678045933689,139.781,40.8873,-124.4907,8.5826,33.7662,100.408,2012-09-14T00:00:00Z,WCOA 2012
67,172.89226121927408,173.89,40.8873,-124.4907,8.9931,33.5724,60.095,2012-09-14T00:00:00Z,WCOA 2012
67,185.44054507117713,186.34,40.8873,-124.4907,9.1072,33.509,40.179,2012-09-14T00:00:00Z,WCOA 2012
67,216.51558740342477,221.793,40.8873,-124.4907,9.9458,33.4558,20.409,2012-09-14T00:00:00Z,WCOA 2012
67,290.33143905839245,289.387,40.8873,-124.4907,12.2286,33.3035,3.976,2012-09-14T00:00:00Z,WCOA 2012
68,13.564226316113478,13.124,40.9613,-124.7703,4.3342,34.3557,884.657,2012-09-14T00:00:00Z,WCOA 2012
68,34.792743168932766,35.446,40.9613,-124.7703,5.9412,34.1217,502.233,2012-09-14T00:00:00Z,WCOA 2012
68,57.07087272882068,57.536,40.9613,-124.7703,7.1379,34.0782,301.403,2012-09-14T00:00:00Z,WCOA 2012
68,115.78698226322379,114.597,40.9613,-124.7703,8.3245,33.8966,100.9,2012-09-14T00:00:00Z,WCOA 2012
68,142.3979430943503,142.098,40.9613,-124.7703,8.8411,33.7709,61.264,2012-09-14T00:00:00Z,WCOA 2012
68,178.29916899233157,174.181,40.9613,-124.7703,9.2277,33.5508,40.841,2012-09-14T00:00:00Z,WCOA 2012
68,236.04222900438575,250.788,40.9613,-124.7703,10.9818,33.3224,20,2012-09-14T00:00:00Z,WCOA 2012
68,272.91656726405313,273.017,40.9613,-124.7703,11.5651,33.3093,2.975,2012-09-14T00:00:00Z,WCOA 2012
69,76.61354878902031,77.503,40.991,-124.8882,1.8415,34.6173,2150.84,2012-09-14T00:00:00Z,WCOA 2012
69,35.68279275426338,36.479,40.991,-124.8882,2.7278,34.5268,1499.159,2012-09-14T00:00:00Z,WCOA 2012
69,11.913026782934454,13.092,40.991,-124.8882,4.641,34.3061,750.287,2012-09-14T00:00:00Z,WCOA 2012
69,51.76018522331253,51.459,40.991,-124.8882,6.5388,34.0697,400.044,2012-09-14T00:00:00Z,WCOA 2012
69,88.75752248292373,86.947,40.991,-124.8882,8.1825,33.9875,200.494,2012-09-14T00:00:00Z,WCOA 2012
69,101.47669222104294,104.936,40.991,-124.8882,8.7838,33.9175,101.149,2012-09-14T00:00:00Z,WCOA 2012
69,181.658061750544,180.866,40.991,-124.8882,8.8395,33.4213,50.072,2012-09-14T00:00:00Z,WCOA 2012
69,270.0254071070066,271.65,40.991,-124.8882,11.248,33.3153,19.885,2012-09-14T00:00:00Z,WCOA 2012
69,272.87454797458554,272.532,40.991,-124.8882,12.4194,33.0866,2.999,2012-09-14T00:00:00Z,WCOA 2012
70,17.213809429583584,17.823,39.888,-125.207,3.6598,34.4426,998.86,2012-09-15T00:00:00Z,WCOA 2012
70,9.825556887525677,10.316,39.888,-125.207,4.1723,34.3111,753.991,2012-09-15T00:00:00Z,WCOA 2012
70,35.61887741793919,35.958,39.888,-125.207,5.6706,34.0881,400.668,2012-09-15T00:00:00Z,WCOA 2012
70,89.09446421746416,88.187,39.888,-125.207,7.2208,33.9741,201.874,2012-09-15T00:00:00Z,WCOA 2012
70,156.77041283892143,161.306,39.888,-125.207,8.4527,33.6034,100.75,2012-09-15T00:00:00Z,WCOA 2012
70,260.38893352062973,265.103,39.888,-125.207,11.9115,32.8663,50.28,2012-09-15T00:00:00Z,WCOA 2012
70,268.4592442489455,269.785,39.888,-125.207,13.4851,32.7848,20.399,2012-09-15T00:00:00Z,WCOA 2012
70,269.1767077579917,268.39,39.888,-125.207,13.8683,32.7874,2.552,2012-09-15T00:00:00Z,WCOA 2012
71,39.59444966210385,38.312,40.001,-124.9402,2.7623,34.5301,1460.667,2012-09-15T00:00:00Z,WCOA 2012
71,17.60510191279044,15.78,40.001,-124.9402,3.5985,34.43,1001.526,2012-09-15T00:00:00Z,WCOA 2012
71,10.130133079918728,10.697,40.001,-124.9402,4.2673,34.2924,749.849,2012-09-15T00:00:00Z,WCOA 2012
71,37.27136310320373,37.897,40.001,-124.9402,5.6387,34.0888,401.182,2012-09-15T00:00:00Z,WCOA 2012
71,100.84592410216263,101.422,40.001,-124.9402,7.5302,33.9569,199.071,2012-09-15T00:00:00Z,WCOA 2012
71,175.11864712696894,175.693,40.001,-124.9402,8.9596,33.5164,100.16,2012-09-15T00:00:00Z,WCOA 2012
71,236.91642866675093,238.147,40.001,-124.9402,10.086,33.105,60.354,2012-09-15T00:00:00Z,WCOA 2012
71,266.94717474551226,280.106,40.001,-124.9402,11.7823,32.9409,29.245,2012-09-15T00:00:00Z,WCOA 2012
71,278.7978927605766,273.767,40.001,-124.9402,13.3605,32.9205,15.238,2012-09-15T00:00:00Z,WCOA 2012
71,276.07389787041257,273.627,40.001,-124.9402,13.7166,32.9098,2.554,2012-09-15T00:00:00Z,WCOA 2012
72,12.695317261980001,10.747,40.1067,-124.7128,4.4318,34.3099,752.079,2012-09-15T00:00:00Z,WCOA 2012
72,27.093388076428443,27.932,40.1067,-124.7128,5.6818,34.1514,500.635,2012-09-15T00:00:00Z,WCOA 2012
72,45.01696691192289,45.172,40.1067,-124.7128,6.3912,34.0842,400.018,2012-09-15T00:00:00Z,WCOA 2012
72,128.69539332646883,128.485,40.1067,-124.7128,7.6045,33.9105,200.511,2012-09-15T00:00:00Z,WCOA 2012
72,133.41768878038903,133.947,40.1067,-124.7128,8.2677,33.8052,150.851,2012-09-15T00:00:00Z,WCOA 2012
72,180.4335037349132,178.906,40.1067,-124.7128,8.9908,33.4916,101.082,2012-09-15T00:00:00Z,WCOA 2012
72,241.37019947672312,241.251,40.1067,-124.7128,9.8128,32.9837,60.641,2012-09-15T00:00:00Z,WCOA 2012
72,263.87362231300887,266.343,40.1067,-124.7128,11.4294,32.976,40.497,2012-09-15T00:00:00Z,WCOA 2012
72,277.712045573582,279.897,40.1067,-124.7128,12.7785,32.9618,20.856,2012-09-15T00:00:00Z,WCOA 2012
72,279.2347511092038,275.791,40.1067,-124.7128,13.4792,32.9469,2.445,2012-09-15T00:00:00Z,WCOA 2012
73,58.59515310790034,58.213,40.2023,-124.4937,7.5098,34.1037,324.912,2012-09-15T00:00:00Z,WCOA 2012
73,89.93077733057247,89.448,40.2023,-124.4937,8.124,33.9969,249.932,2012-09-15T00:00:00Z,WCOA 2012
73,97.8643247071631,97.654,40.2023,-124.4937,8.7668,33.9205,200.135,2012-09-15T00:00:00Z,WCOA 2012
73,99.87133815838732,99.549,40.2023,-124.4937,8.9932,33.8968,150.465,2012-09-15T00:00:00Z,WCOA 2012
73,164.14082659246236,162.475,40.2023,-124.4937,9.3357,33.6601,100.203,2012-09-15T00:00:00Z,WCOA 2012
73,172.20188406871873,171.053,40.2023,-124.4937,9.5811,33.6465,80.277,2012-09-15T00:00:00Z,WCOA 2012
73,179.91358470892297,179.477,40.2023,-124.4937,9.7662,33.6348,60.314,2012-09-15T00:00:00Z,WCOA 2012
73,200.04243412347822,199.564,40.2023,-124.4937,10.0764,33.5866,40.588,2012-09-15T00:00:00Z,WCOA 2012
73,265.4337542530745,265.472,40.2023,-124.4937,11.8899,33.1264,20.114,2012-09-15T00:00:00Z,WCOA 2012
73,274.2018139860562,271.255,40.2023,-124.4937,13.6681,32.8868,2.544,2012-09-15T00:00:00Z,WCOA 2012
74,138.40406214492992,136.366,40.2143,-124.4488,9.3578,33.7796,142.263,2012-09-14T00:00:00Z,WCOA 2012
74,150.42451855449724,151.234,40.2143,-124.4488,9.4917,33.7375,135.889,2012-09-14T00:00:00Z,WCOA 2012
74,172.63791983869834,171.539,40.2143,-124.4488,9.7362,33.6727,115.103,2012-09-14T00:00:00Z,WCOA 2012
74,184.0517993556116,185.005,40.2143,-124.4488,9.8106,33.624,79.682,2012-09-14T00:00:00Z,WCOA 2012
74,197.29888449751203,199.419,40.2143,-124.4488,10.1017,33.5978,40.121,2012-09-14T00:00:00Z,WCOA 2012
74,228.6810822151028,237.842,40.2143,-124.4488,10.5951,33.4925,19.885,2012-09-14T00:00:00Z,WCOA 2012
74,280.7266361550937,282.207,40.2143,-124.4488,11.955,33.1331,2.797,2012-09-14T00:00:00Z,WCOA 2012
75,121.46523125219323,123.597,40.227,-124.4232,9.1928,33.8359,101.616,2012-09-14T00:00:00Z,WCOA 2012
75,200.86978352778397,202.305,40.227,-124.4232,10.2054,33.6129,60.738,2012-09-14T00:00:00Z,WCOA 2012
75,232.5475894749381,231.958,40.227,-124.4232,10.4495,33.5091,30.698,2012-09-14T00:00:00Z,WCOA 2012
75,284.84010148105324,292.652,40.227,-124.4232,11.5107,33.3451,15.212,2012-09-14T00:00:00Z,WCOA 2012
75,297.89439606766354,284.73,40.227,-124.4232,12.2759,33.1955,2.077,2012-09-14T00:00:00Z,WCOA 2012
76,145.7645623295942,141.89,40.229,-124.4025,9.4759,33.76,77.601,2012-09-14T00:00:00Z,WCOA 2012
76,161.88286817382763,162.956,40.229,-124.4025,9.687,33.6901,61.071,2012-09-14T00:00:00Z,WCOA 2012
76,201.25785319785825,198.082,40.229,-124.4025,10.1284,33.6211,40.454,2012-09-14T00:00:00Z,WCOA 2012
76,233.75825313442456,227.711,40.229,-124.4025,10.4974,33.5676,20.444,2012-09-14T00:00:00Z,WCOA 2012
76,260.85339534982415,272.543,40.229,-124.4025,11.0642,33.4047,2.163,2012-09-14T00:00:00Z,WCOA 2012
77,19.822604968352707,16.795,37.6683,-123.4812,3.9455,34.4364,1001.071,2012-09-15T00:00:00Z,WCOA 2012
77,11.521453280710146,12.049,37.6683,-123.4812,4.7873,34.3567,751.254,2012-09-15T00:00:00Z,WCOA 2012
77,23.61364898967821,24.301,37.6683,-123.4812,5.561,34.1688,500.998,2012-09-15T00:00:00Z,WCOA 2012
77,87.26027103206327,98.401,37.6683,-123.4812,6.7493,33.9964,299.08,2012-09-15T00:00:00Z,WCOA 2012
77,161.13201937830067,161.469,37.6683,-123.4812,8.1673,33.8256,150.26,2012-09-15T00:00:00Z,WCOA 2012
77,170.99727754701527,175.698,37.6683,-123.4812,9.8556,33.5949,100.055,2012-09-15T00:00:00Z,WCOA 2012
77,249.58958437502187,251.201,37.6683,-123.4812,10.0323,32.8651,50.535,2012-09-15T00:00:00Z,WCOA 2012
77,265.15125193291124,266.289,37.6683,-123.4812,13.9659,33.1057,30.267,2012-09-15T00:00:00Z,WCOA 2012
77,265.47422040716634,263.08,37.6683,-123.4812,15.1187,33.1159,2.126,2012-09-15T00:00:00Z,WCOA 2012
78,15.215319359447035,15.291,37.7512,-123.305,4.159,34.414,898.79,2012-09-16T00:00:00Z,WCOA 2012
78,13.869327185019056,11.96,37.7512,-123.305,4.7593,34.3429,750.131,2012-09-16T00:00:00Z,WCOA 2012
78,25.70210958541312,25.063,37.7512,-123.305,6.1384,34.2051,500.778,2012-09-16T00:00:00Z,WCOA 2012
78,41.84253723016663,39.888,37.7512,-123.305,6.8497,34.1399,399.327,2012-09-16T00:00:00Z,WCOA 2012
78,109.99376242346374,113.3,37.7512,-123.305,8.3839,33.978,200.179,2012-09-16T00:00:00Z,WCOA 2012
78,142.41382650529974,134.017,37.7512,-123.305,9.4784,33.7538,99.808,2012-09-16T00:00:00Z,WCOA 2012
78,220.3332802046338,218.688,37.7512,-123.305,10.2905,33.3515,50.289,2012-09-16T00:00:00Z,WCOA 2012
78,283.07403287837843,280.483,37.7512,-123.305,13.3823,33.3103,19.977,2012-09-16T00:00:00Z,WCOA 2012
78,275.8499304740836,271.714,37.7512,-123.305,14.242,33.289,3.117,2012-09-16T00:00:00Z,WCOA 2012
79,51.72122803627521,50.646,37.7723,-123.2598,7.5877,34.1396,305.117,2012-09-16T00:00:00Z,WCOA 2012
79,71.5328037774484,72.177,37.7723,-123.2598,8.9906,34.0604,200.194,2012-09-16T00:00:00Z,WCOA 2012
79,87.55935825947137,87.422,37.7723,-123.2598,9.4806,33.9473,150.054,2012-09-16T00:00:00Z,WCOA 2012
79,95.44389684794979,96.925,37.7723,-123.2598,9.7231,33.8939,100.228,2012-09-16T00:00:00Z,WCOA 2012
79,153.3173130467472,152.267,37.7723,-123.2598,10.1329,33.7036,60.266,2012-09-16T00:00:00Z,WCOA 2012
79,222.40084721556278,224.889,37.7723,-123.2598,10.8316,33.3479,40.281,2012-09-16T00:00:00Z,WCOA 2012
79,280.31658972899214,279.137,37.7723,-123.2598,13.2387,33.3323,20.244,2012-09-16T00:00:00Z,WCOA 2012
79,276.71431073635165,270.428,37.7723,-123.2598,13.9806,33.2527,10.214,2012-09-16T00:00:00Z,WCOA 2012
79,270.09231524994556,269.991,37.7723,-123.2598,13.9684,33.2413,2.207,2012-09-16T00:00:00Z,WCOA 2012
80,112.51711382472197,101.819,37.8442,-123.0922,9.9521,33.7966,79.873,2012-09-16T00:00:00Z,WCOA 2012
80,161.4331593618917,170.194,37.8442,-123.0922,10.5396,33.6384,50.885,2012-09-16T00:00:00Z,WCOA 2012
80,219.51536144193727,215.995,37.8442,-123.0922,11.4123,33.5498,30.921,2012-09-16T00:00:00Z,WCOA 2012
80,270.2669417957167,272.43,37.8442,-123.0922,12.3635,33.4665,15.486,2012-09-16T00:00:00Z,WCOA 2012
80,277.32680040776677,274.491,37.8442,-123.0922,12.4026,33.4588,2.105,2012-09-16T00:00:00Z,WCOA 2012
81,121.01259784296823,114.987,37.9453,-122.885,10.1116,33.7481,39.447,2012-09-16T00:00:00Z,WCOA 2012
81,146.62351002129992,152.691,37.9453,-122.885,10.3313,33.6579,30.128,2012-09-16T00:00:00Z,WCOA 2012
81,187.2671041525946,192.061,37.9453,-122.885,10.9259,33.608,20.881,2012-09-16T00:00:00Z,WCOA 2012
81,225.38597754735744,227.97,37.9453,-122.885,11.5548,33.6312,15.653,2012-09-16T00:00:00Z,WCOA 2012
81,253.7195823242555,258.538,37.9453,-122.885,12.1448,33.6187,10.339,2012-09-16T00:00:00Z,WCOA 2012
81,262.52076089292586,258.365,37.9453,-122.885,12.1937,33.6099,3.261,2012-09-16T00:00:00Z,WCOA 2012
