"","raw_oxygen","oxy_volt","time","temp","ctdtmp","ctdprs","depSM","ctdsal","sal","oxygen","ctdoxy","Station","cast_number","pred"
"1",219.64,2.37055,1081.173,29.5863,29.575,6,5.96,36.241,36.15485,194.9,195.1,1,1,187.813839264432
"2",219.64,2.37055,1081.173,29.5863,29.574,6,5.96,36.241,36.15485,195.3,195.1,1,1,187.869521513439
"3",283.214,2.90655,1276.169,29.5642,29.552,14,13.907,36.242,36.2791,195.2,195.1,1,1,193.73219905488
"4",283.2535,2.90085,1366.085,29.54625,29.195,34,33.774,36.264,36.27665,193.5,196.7,1,1,194.197166501251
"5",281.3595,2.78365,1459.653,27.08565,26.844,85,84.424,36.483,36.4466,192.5,195.2,1,1,190.299115870348
"6",282.3665,2.78635,1461.222,26.94055,26.771,86,85.417,36.48,36.4277,192,189.6,1,1,190.30437766765
"7",260.1,2.56745,1484.994,25.59905,25.519,101,100.311,36.82,36.8091,175.6,174.2,1,1,172.145463374673
"8",230.631,2.25295,1546.402,22.6339,22.329,140,139.032,36.986,36.99815,160.6,158.7,1,1,155.860372726495
"9",224.51,2.1428,1591.182,20.58675,20.409,169,167.82,36.745,36.77775,153.8,153,1,1,150.425144486673
"10",284.1835,2.9161,1288.876,29.56875,29.607,9,8.941,36.207,36.1867,203.5,188.5,2,1,195.14158877138
"11",283.728,2.91,1311.447,29.5472,29.554,19,18.874,36.222,36.21305,190.3,188.6,2,1,192.626014179962
"12",284.0345,2.9105,1334.151,29.5451,29.541,29,28.807,36.228,36.2256,195.1,194.8,2,1,193.417339485573
"13",285.1955,2.91355,1357.819,29.46975,29.531,39,38.74,36.235,36.2423,195.5,195.2,2,1,194.063879808925
"14",278.6985,2.76765,1421.051,27.10895,27.065,74,73.5,36.467,36.44895,191,190.2,2,1,188.048031928732
"15",258.967,2.5395,1456.745,24.958,24.877,99,98.325,36.951,36.8258,169.4,169.2,2,1,166.226461298558
"16",222.642,2.1414,1529.607,20.8288,20.478,150,148.96,36.74,36.81525,151.2,150.9,2,1,147.827231107705
"17",179.147,1.51635,1884.501,8.9929,8.935,468,464.397,35.094,35.1024,123.3,123.9,2,1,123.922614165781
"18",181.053,1.49725,1942.16,7.9703,7.904,508,504.041,34.973,34.98015,126.7,125.6,2,1,123.381428107598
"19",223.1695,2.391,311.529,29.4569,29.524,9,8.941,36.03,35.84315,196.1,196.4,3,1,189.242426387239
"20",283.9335,2.9133,537.273,29.54985,29.451,19,18.874,36.245,36.28605,196.7,195.2,3,1,193.828562341346
"21",285.1325,2.9148,558.477,29.41615,29.266,29,28.807,36.29,36.28205,198,196.9,3,1,194.936292946945
"22",287.39,2.92165,579.649,29.20825,29.119,39,38.74,36.292,36.29705,199.8,197.7,3,1,196.400399638871
"23",289.416,2.92385,600.809,28.88055,28.549,49,48.672,36.287,36.30715,200,199,3,1,197.852262662419
"24",289.7145,2.778,647.574,25.1593,25.032,78,77.473,36.434,36.43135,196.7,197,3,1,192.192060222286
"25",227.402,2.22015,700.76,22.18485,22.174,119,118.184,36.906,36.91275,156.6,155.1,3,1,153.635728326395
"26",285.8385,2.90765,952.702,29.3644,29.397,9,8.941,35.117,35.1578,196.5,196.7,4,1,194.526028743757
"27",285.723,2.9206,974.854,29.60785,29.596,19,18.874,35.729,35.5898,197,197.1,4,1,195.94108609011
"28",288.878,2.9424,997.451,29.4775,29.286,29,28.807,35.865,35.8516,199,198.6,4,1,196.551713795759
"29",289.939,2.9421,1020.307,29.27365,29.138,39,38.74,35.994,36.0466,199.4,199.1,4,1,196.610670043381
"30",290.6135,2.93245,1045.871,28.93585,28.743,50,49.665,36.056,36.09895,200.4,199.5,4,1,197.470746003701
"31",288.3905,2.7431,1081.78,24.4266,24.397,74,73.5,36.46,36.4614,196.5,195.7,4,1,191.264983648076
"32",279.211,2.6113,1102.393,22.7971,22.968,89,88.396,36.467,36.472,187.1,189,4,1,186.229648486394
"33",217.9815,2.0916,1143.047,20.11785,20.17,119,118.184,36.517,36.50025,147.9,149.7,4,1,144.742522418052
"34",197.8155,1.827,1182.288,15.4997,15.485,149,147.967,35.959,35.963,133,134.1,4,1,133.221052623725
"35",285.0895,2.91695,589.109,29.6369,29.678,14,13.907,35.669,35.6463,196.7,196.3,5,1,194.091419330102
"36",286.7275,2.9254,611.794,29.41675,29.255,24,23.841,35.977,36.0805,198,197.4,5,1,194.649983970013
"37",288.9755,2.93735,634.941,29.29165,28.835,34,33.774,35.946,36.16195,200.2,198.5,5,1,195.759678402486
"38",290.0175,2.94065,658.419,29.20725,28.742,44,43.706,36.042,36.2263,205,192.5,5,1,197.859784453034
"39",294.9295,2.9183,683.463,27.76535,27.525,55,54.631,36.138,36.1114,203.2,202.3,5,1,200.167360008039
"40",287.901,2.7498,709.793,24.81835,24.712,68,67.542,36.215,36.21445,186.7,190.3,5,1,188.850719370643
"41",200.738,1.8758,755.809,16.3762,15.874,104,103.29,36.074,36.1158,133.9,133.9,5,1,133.827848166763
"42",194.6965,1.79785,775.664,14.93655,14.613,119,118.183,35.873,35.91035,133,131.3,5,1,129.399944235923
"43",183.328,2.0884,336.928,29.81585,29.803,9,8.941,35.46,35.18065,194.4,194.4,6,1,181.186731516833
"44",282.851,2.9048,582.136,29.8593,29.845,19,18.874,35.505,35.50525,194.4,194.1,6,1,191.779429806782
"45",283.2655,2.8984,603.472,29.6536,28.854,29,28.807,35.747,35.58365,188.6,187.8,6,1,195.421382018528
"46",276.1795,2.66035,624.562,24.5417,23.693,39,38.74,36.062,36.02845,177.7,178.2,6,1,174.363017417363
"47",287.424,2.8921,654.507,29.16195,29.209,9,8.942,33.895,33.83715,197.3,197.3,8,1,196.344298148824
"48",287.9745,2.9306,680.601,29.5524,29.544,20,19.87,35.342,35.36845,198.1,198.3,8,1,195.580600241155
"49",289.498,2.92595,700.804,29.15485,29.041,29,28.81,35.436,35.39235,199.5,199.2,8,1,197.50911759876
"50",289.8015,2.92615,726.225,29.1179,29.051,40,39.738,35.554,35.4943,199,199,8,1,197.402948356937
"51",292.191,2.91215,766.991,28.19595,27.724,60,59.603,36.081,36.05535,201.7,200.8,8,1,199.256687023238
"52",294.369,2.8017,790.279,24.83655,24.704,74,73.508,36.44,36.41155,196.8,198.3,8,1,193.989290413097
"53",184.5575,1.67875,907.583,12.8666,12.867,158,156.918,35.631,35.636,91.1,122.3,8,1,126.7904967269
"54",283.3465,2.8912,703.176,29.1599,28.972,9,8.941,35.946,35.91695,195.7,195.4,9,1,194.037275734067
"55",283.6425,2.88935,741.657,29.15895,28.996,24,23.843,36.04,35.92825,195.6,195.7,9,1,194.926274792449
"56",287.524,2.8978,799.042,28.7005,28.735,49,48.676,36.12,36.0353,196.9,196.4,9,1,196.143503888371
"57",313.72,2.9891,832.854,25.8278,25.237,69,68.54,36.299,36.3007,216,215.3,9,1,209.348802440146
"58",245.943,2.37885,873.321,22.9583,22.902,99,98.333,36.732,36.7258,165.2,163.6,9,1,162.153827006409
"59",234.4825,2.1896,942.372,19.73905,19.635,149,147.978,36.689,36.7077,161.8,161.4,9,1,155.802634418939
"60",172.9725,1.52735,1220.722,10.53145,10.729,399,396.023,35.3,35.2736,118.1,119.2,9,1,118.319156058611
"61",306.405,1.6345,3728.846,4.3353,4.335,2705,2670.231,34.974,34.9736,217.9,216.4,9,1,216.128582427071
"62",306.5205,1.5788,4259.519,4.37725,4.376,3144,3100.445,34.976,34.9757,220.3,219.6,9,1,219.196883337234
"63",310.38,1.5776,4424.892,4.3868,4.386,3252,3206.154,34.978,34.97725,223.6,221.7,9,1,225.274591628495
"64",281.396,2.87175,647.812,29.2483,28.867,29,28.809,36.234,35.88615,200.6,200.1,10,1,196.792672786457
"65",303.02,2.8852,711.962,25.2327,25.325,59,58.607,36.514,36.3314,190.6,199.8,10,1,197.604381029297
"66",245.6355,2.4024,740.676,23.63075,23.669,79,78.47,36.792,36.7872,166,165.7,10,1,162.950207694061
"67",182.573,1.83335,780.416,19.37235,19.622,108,107.268,36.479,36.4727,125.6,124.2,10,1,124.805690714356
"68",202.8885,1.9498,809.164,18.55145,18.719,129,128.119,36.553,36.52485,154.6,126.5,10,1,137.893379712718
"69",177.7715,1.4811,1256.425,8.06255,8.169,524,519.926,34.989,34.9794,120.9,122.4,10,1,119.896154383453
"70",305.5375,1.55815,4244.549,4.3944,4.394,3287,3240.349,34.976,34.9762,219.7,220,10,1,217.994464013833
"71",287.136,2.90465,516.752,28.96325,29.047,8,7.948,35.461,35.3371,197.5,197.4,11,1,196.868137360405
"72",287.13,2.91095,545.713,29.1235,29.13,19,18.875,35.566,35.55705,198.1,197.3,11,1,195.589685240919
"73",310.4065,2.9781,622.903,26.16065,24.541,54,53.64,36.33,36.22295,208.5,210.2,11,1,204.592368323731
"74",270.4275,2.5056,657.545,21.53265,21.377,79,78.469,36.426,36.44165,169.1,169.6,11,1,170.169064471547
"75",198.551,1.93545,713.425,19.1916,18.857,119,118.188,36.505,36.53645,137.1,136.1,11,1,132.908572066203
"76",184.911,1.7656,790.351,16.36635,16.032,174,172.791,36.131,36.18095,126.4,125.8,11,1,126.425947047807
"77",304.386,1.5512,4275.072,4.39795,4.397,3314,3266.709,34.976,34.9753,218.6,219.5,11,1,216.687585124743
"78",288.587,2.90955,510.4,28.83195,28.943,28,27.815,35.501,35.57715,197.8,196.6,12,2,194.851124563937
"79",291.4815,2.82535,555.357,25.84755,26.407,49,48.673,36.274,36.38415,195.8,197.8,12,2,194.158155470369
"80",255.1765,2.41245,588.293,21.8916,22.293,73,72.509,36.491,36.4713,171.8,173.2,12,2,169.682964168378
"81",207.058,2.0178,621.84,20.0054,19.771,98,97.335,36.549,36.56825,138.1,140.8,12,2,136.95370033213
"82",204.756,1.94385,675.668,18.0791,18.13,138,137.05,36.447,36.4414,140.7,139.6,12,2,137.918211594207
"83",185.374,1.7366,755.836,15.2187,14.935,198,196.609,35.959,36.00295,127.6,128.6,12,2,126.278799638204
"84",283.147,1.7714,1815.096,4.60845,4.625,1199,1187.721,34.952,34.95365,195.3,194.7,12,2,200.891456857312
"85",305.212,1.75795,2447.338,4.30535,4.302,1799,1779.551,34.97,34.97,213.6,213,12,2,214.406641469384
"86",306.931,1.5579,4151.805,4.39845,4.397,3323,3275.461,34.977,34.97655,221.3,221.3,12,2,220.80954979096
"87",288.5975,2.90055,669.348,28.69835,28.731,19,18.874,35.187,35.11515,199.3,197.8,13,1,197.104151326392
"88",301.9285,2.9681,710.824,27.54005,25.937,39,38.74,36.207,35.98965,210.3,211.5,13,1,206.099509751007
"89",279.882,2.6209,761.434,22.82065,22.805,64,63.57,36.487,36.48845,181.5,183.9,13,1,183.329946251177
"90",226.6945,2.1856,782.269,21.0369,21.102,79,78.466,36.575,36.5751,146.7,149.4,13,1,150.224165806552
"91",200.561,1.95825,809.217,19.4267,19.488,99,98.326,36.536,36.54395,136.9,137.6,13,1,135.164927629475
"92",193.043,1.86715,836.683,17.97205,17.945,119,118.184,36.396,36.40325,132.2,131.7,13,1,130.517719944272
"93",179.552,1.6712,944.829,14.00165,13.994,199,197.598,35.809,35.812,124.9,122.5,13,1,121.523653856346
"94",287.6775,2.90655,443.63,29.04985,28.896,9,8.94,34.994,34.98595,189.4,191.1,14,1,195.650185776103
"95",288.329,2.90295,464.711,28.8563,28.897,19,18.874,35.081,35.0489,198.7,197.7,14,1,196.829624370204
"96",288.0315,2.914,485.897,29.0978,29.119,29,28.807,35.565,35.4744,205.2,191.2,14,1,197.814071905724
"97",307.2735,3.01885,507.113,27.65985,26.774,39,38.74,36.111,36.0496,213.5,211.2,14,1,208.54824960439
"98",315.245,2.95595,528.452,24.675,24.627,49,48.672,36.261,36.2574,204.4,208.6,14,1,208.569340670865
"99",300.525,2.74805,546.461,22.22705,22.128,59,58.603,36.271,36.25765,197.5,198.5,14,1,198.353689486321
"100",265.117,2.44965,560.195,20.9834,20.536,69,68.534,36.35,36.3259,161,158.8,14,1,162.953768118045
"101",216.8235,2.09085,573.862,20.15615,20.13,79,78.465,36.509,36.48815,144.6,143.2,14,1,143.203541877776
"102",201.9955,1.9759,594.368,19.70015,19.461,94,93.36,36.548,36.56915,138.6,135.5,14,1,134.89439311354
"103",199.3225,1.93295,614.76,18.8536,18.39,109,108.254,36.408,36.4931,127.2,128.2,14,1,131.623124169957
"104",173.1135,1.70595,646.706,16.7,16.69,124,123.147,36.209,36.2155,120,117.8,14,1,117.352258827891
"105",285.428,2.89735,693.1,29.0797,29.045,19,18.874,35.637,35.641,196.5,196,15,1,194.29740659529
"106",285.586,2.8937,714.183,29.0166,29.011,29,28.807,35.637,35.6422,196.8,196,15,1,194.133996269821
"107",301.559,2.94405,756.591,26.99615,25.386,49,48.671,36.191,36.16245,202.4,204.9,15,1,200.587285334611
"108",302.5185,2.80815,778.47,23.40055,23.148,59,58.602,36.235,36.23105,165.2,154.6,15,1,184.3129185079
"109",281.4855,2.8847,330.252,29.38095,29.439,13,12.913,36.151,36.09625,191.8,193.5,17,1,191.946039512576
"110",293.1915,2.9009,418.027,28.30465,28.497,14,13.905,33.828,33.61015,178,192,20,1,191.616812042268
"111",290.721,2.89935,453.362,28.4684,28.476,14,13.905,34.399,34.3519,184.1,192.6,21,1,194.637987314642
"112",290.937,2.84965,505.216,26.6785,26.167,39,38.733,36.024,36.0066,182.7,182.7,21,1,190.865075522476
"113",286.815,2.72165,526.186,24.08895,23.916,49,48.664,36.261,36.23295,177.2,187.4,21,1,182.873344205893
"114",292.883,2.8994,851.747,28.35655,28.343,9,8.939,33.423,33.4169,191.8,194.4,22,1,198.491960920162
"115",288.5625,2.8823,891.667,28.5118,28.492,29,28.803,34.548,34.5283,189.7,191.4,22,1,195.545676763358
"116",294.9495,2.8803,921.539,26.7461,26.604,44,43.699,36.036,36.0479,189,191.7,22,1,195.810983151693
"117",283.7505,2.6888,948.828,23.8464,22.859,59,58.595,36.295,36.29495,181.6,181.3,22,1,179.927571095535
"118",242.342,2.3033,975.881,21.3695,21.133,79,78.453,36.462,36.4416,151.1,155.1,22,1,155.967204987941
"119",191.635,1.8788,1015.785,18.78735,18.609,109,108.238,36.427,36.44115,126.3,128.4,22,1,128.54117783444
"120",189.6045,1.8109,1055.634,16.80055,16.744,139,138.018,36.236,36.2447,122.3,125,22,1,128.790691212317
"121",183.836,1.7449,1082.337,15.71875,15.678,159,157.869,36.072,36.08295,119.3,121.6,22,1,125.185839396432
"122",172.4765,1.6508,1117.902,14.81735,14.818,177,175.733,35.942,35.94665,114.9,118.1,22,1,117.152695571967
"123",288.139,2.8825,901.957,28.4711,28.478,14,13.906,34.676,34.67615,194.7,197.4,23,1,196.739841297331
"124",285.004,2.8695,942.03,28.7971,28.822,34,33.769,35.178,35.06585,186,189.1,23,1,192.519570345584
"125",282.07,2.80665,972.147,27.493,27.065,49,48.665,35.996,35.9315,204.6,185.3,23,1,193.513825336126
"126",286.322,2.6737,1022.451,23.0492,22.446,74,73.49,36.339,36.31765,169,176.2,23,1,176.223138375169
"127",202.9695,1.98015,1082.448,19.6687,19.609,104,103.275,36.548,36.5505,132.2,132.6,23,1,135.021097978719
"128",194.746,1.84525,1139.752,16.7901,16.759,134,133.057,36.248,36.2514,129.1,129.9,23,1,131.747322819275
"129",186.7095,1.742,1186.848,14.9296,14.753,164,162.834,35.928,35.96125,124,126.7,23,1,125.858242027152
"130",179.181,1.6603,1232.362,13.63,13.566,194,192.607,35.739,35.75265,118.3,121.6,23,1,120.991238542663
"131",162.9295,1.527,1490.016,12.2057,12.197,247,245.195,35.52,35.51895,108.2,108.1,23,1,111.007973078575
"132",288.246,2.88985,428.391,28.5727,28.812,19,18.872,35.231,34.9226,197.3,197.1,24,1,197.198863328718
"133",295.09,2.94845,468.982,28.4571,28.682,39,38.735,35.86,35.85215,203.9,200.9,24,1,199.536802733801
"134",290.053,2.7803,505.455,25.0831,24.918,59,58.596,36.243,36.2247,199.4,197.7,24,1,192.301751560873
"135",255.701,2.4209,531.649,22.1538,21.994,78,77.463,36.433,36.36335,163.9,167.7,24,1,162.920611933616
"136",210.63,2.04155,559.016,20.0818,19.829,98,97.32,36.512,36.4643,133.4,133.9,24,1,137.336362704192
"137",184.218,1.7998,601.506,17.66935,17.436,129,128.095,36.308,36.3467,125.9,126,24,1,124.957272978216
"138",185.705,1.7492,642.427,15.4021,15.364,159,157.873,36.026,36.03705,128,127.8,24,1,126.119426079908
"139",182.2905,1.6924,681.927,14.1555,14.085,188,186.655,35.822,35.83605,124.6,123.8,24,1,123.237190223339
"140",177.816,1.63905,722.953,13.1977,13.02,218,216.425,35.653,35.68425,121.6,121.3,24,1,120.04608997002
"141",175.5935,1.6097,764.057,12.6669,12.586,248,246.19,35.583,35.59905,119.8,120.3,24,1,119.434655956899
"142",288.1435,2.88675,395.179,28.55675,28.681,9,8.94,34.783,34.6236,196.3,198.6,25,1,196.54973600316
"143",285.43,2.8765,441.166,28.69455,28.251,29,28.804,35.679,35.45755,196.7,195.8,25,1,198.428339871212
"144",282.493,2.70415,482.438,24.5179,24.142,49,48.666,36.173,36.1592,190.4,181.1,25,1,185.807226398235
"145",263.279,2.4613,516.806,21.7848,21.846,69,68.527,36.162,36.1523,174.6,176.1,25,1,171.625628666444
"146",243.9965,2.2875,544.797,20.60495,20.581,89,88.386,36.323,36.31995,163.8,165,25,1,159.722353585378
"147",204.549,1.98315,587.271,19.4959,19.436,119,118.17,36.52,36.52005,140.2,139.6,25,1,137.105405348072
"148",195.0785,1.8669,628.098,17.6243,17.275,148,146.957,36.319,36.3613,137.6,136.2,25,1,133.332254414333
"149",195.258,1.8135,671.904,15.76515,15.733,179,177.725,36.087,36.09655,132.3,132.7,25,1,133.618655039619
"150",171.0295,1.528,883.946,10.8285,10.82,359,356.289,35.314,35.3178,117,117.4,25,1,117.777909909674
"151",289.774,2.8775,505.749,28.45975,28.458,14,13.906,33.444,33.4062,192.7,194.4,26,1,196.956759103673
"152",269.0255,2.72045,536.849,28.05075,28.039,29,28.804,35.282,35.25245,188,185.2,26,1,183.511227172457
"153",263.1355,2.6198,578.784,26.2471,26.034,49,48.667,36.258,36.1873,188.4,170.3,26,1,178.956619728914
"154",277.055,2.61315,610.314,23.2261,22.655,69,68.528,36.395,36.32245,180.1,183.2,26,1,177.150127539588
"155",217.8185,2.1067,645.148,20.54625,20.659,94,93.351,36.564,36.5984,145.5,149,26,1,145.863420794148
"156",208.002,1.98265,685.377,18.6286,18.739,123,122.142,36.52,36.5127,141.1,142.4,26,1,139.18782312311
"157",203.939,1.9093,735.289,17.1542,17.088,159,157.877,36.3,36.31285,141,138.9,26,1,138.803533606442
"158",291.2885,2.873,355.275,28.21205,28.374,9,8.94,33.001,32.87885,196.8,199.1,27,1,197.893666159199
"159",285.9065,2.87285,376.289,28.98465,29.092,19,18.873,34.482,34.02665,195,195,27,1,194.188799931027
"160",280.513,2.83805,408.459,28.7165,28.76,34,33.771,35.703,35.5748,195.5,192.7,27,1,192.960640678471
"161",282.201,2.75285,440.313,25.9123,26.1,49,48.668,36.259,36.21305,192.8,192.2,27,1,188.757211941042
"162",281.8705,2.6982,462.828,24.5584,24.244,63,62.571,36.305,36.27565,186.6,189.1,27,1,184.593268480858
"163",252.4545,2.3833,499.099,21.74405,21.815,89,88.388,36.43,36.4326,164.2,167.2,27,1,163.964654368346
"164",203.986,1.8993,618.112,16.9067,17.092,179,177.73,36.298,36.277,140.7,139.8,27,1,139.765128022798
"165",290.072,2.89025,379.316,28.64815,28.741,9,8.94,33.814,33.6016,197.7,198.1,28,1,197.426504551043
"166",284.7485,2.88095,420.86,29.15405,29.168,29,28.805,35.319,34.9374,193.5,193.7,28,1,195.640304005569
"167",271.0585,2.73195,451.599,27.80105,28.184,44,43.703,35.784,35.7901,195.1,177.3,28,1,184.121263196307
"168",288.1215,2.71775,497.926,23.9064,23.642,74,73.495,36.389,36.4331,187.8,188,28,1,189.507296381386
"169",266.133,2.4944,518.65,22.18265,21.663,89,88.389,36.413,36.34985,166.8,170.3,28,1,164.459782093814
"170",180.446,1.81175,566.548,19.19495,19.017,124,123.138,36.445,36.4565,123,125.4,28,1,121.767824671935
"171",197.8205,1.85635,641.996,16.7689,16.551,179,177.733,36.218,36.2526,134.2,133.3,28,1,135.513199690563
"172",304.6675,1.5902,3625.163,4.3624,4.361,3001,2959.96,34.975,34.97435,216.5,217.5,28,1,216.315573146784
"173",289.599,2.9052,756.779,28.86965,29.215,14,13.907,34.862,34.41595,194.3,192.4,29,1,196.012185775813
"174",276.6765,2.86605,778.467,30.1766,29.085,24,23.84,35.248,35.72195,196.1,186.3,29,1,185.858196918539
"175",288.1445,2.9168,822.112,29.00235,29.146,44,43.704,36.208,36.2352,196.1,196.9,29,1,195.761780318049
"176",287.8425,2.77445,869.454,25.426,26.06,69,68.532,36.464,36.38865,192.1,190.6,29,1,191.663560347318
"177",226.695,2.185,912.21,21.1721,21.125,99,98.322,36.571,36.56665,146.9,149.3,29,1,149.797692149209
"178",200.9175,1.9119,983.471,18.02615,18.116,149,147.961,36.425,36.40935,133.2,132.9,29,1,136.059345773373
"179",174.436,1.66525,1054.43,15.0761,15.422,199,197.589,36.033,35.9819,119.9,120.9,29,1,120.346482343719
"180",306.496,1.58775,4137.366,4.36915,4.369,3068,3025.693,34.976,34.9751,217.5,219.1,29,1,219.03595221586
"181",282.9995,2.87665,436.531,28.87585,29.019,14,13.908,36.035,35.94695,194.9,193.9,30,1,193.620202480103
"182",284.225,2.87565,478.232,28.67555,28.943,33,32.78,36.153,36.1366,198.7,188.7,30,1,193.65457386312
"183",285.815,2.8785,524.612,28.52685,28.694,54,53.638,36.191,36.2739,194.7,195.1,30,1,193.938142514261
"184",284.146,2.8561,540.246,28.3502,28.37,64,63.569,36.339,36.32385,194.1,194.8,30,1,193.575391406776
"185",279.731,2.79545,561.763,27.70835,28.076,79,78.465,36.381,36.4468,192.1,194.4,30,1,189.594336827958
"186",268.206,2.49805,644.134,22.1842,22.266,139,138.039,36.412,36.31795,176.3,175.8,30,1,175.876206844374
"187",290.6825,2.87135,366.138,28.065,28.052,9,8.939,33.436,33.44485,199,199.3,32,1,198.301427348488
"188",290.522,2.8694,387.921,28.09215,28.081,19,18.87,33.613,33.56365,197.7,199,32,1,197.889932976454
"189",273.6665,2.74135,430.21,27.65205,27.595,39,38.732,35.564,35.5376,186.3,176.8,32,1,184.910203592782
"190",271.315,2.5908,470.937,23.6697,23.163,59,58.591,36.339,36.3589,179.9,179.8,32,1,174.318245508996
"191",216.75,2.08715,499.363,20.0825,19.899,79,78.449,36.465,36.4496,138.4,136.2,32,1,141.386612386106
"192",190.79,1.87225,527.751,18.6286,18.653,99,98.305,36.476,36.4783,130.3,131.1,32,1,128.924052267306
"193",199.482,1.8866,555.899,17.14175,17.161,119,118.158,36.303,36.30345,134.5,135.3,32,1,134.644403469389
"194",195.64,1.83585,584.121,16.27785,16.241,139,138.01,36.166,36.1757,133.8,133.3,32,1,133.04745638615
"195",194.225,1.81215,612.436,15.84515,15.787,159,157.86,36.094,36.1083,131.6,132,32,1,132.348291039417
"196",189.561,1.7622,640.52,15.12045,15.078,179,177.708,35.982,35.99195,128.7,129.1,32,1,129.218467597783
"197",178.3545,1.6702,707.007,14.2765,14.288,201,199.539,35.856,35.85115,123.4,122.1,32,1,121.393141484422
"198",292.5395,2.8868,576.894,27.81455,27.82,14,13.905,34.299,34.26445,199.9,200,33,1,198.870590275401
"199",293.3365,2.9078,619.008,27.91965,27.783,34,33.767,35.469,35.38975,199.9,202.6,33,1,199.391467520406
"200",271.816,2.67855,651.664,26.0561,26.007,49,48.663,36.137,36.1246,179,177.9,33,1,176.873351860592
"201",271.816,2.67855,651.664,26.0561,26.041,49,48.663,36.133,36.1246,200.6,174.7,33,1,183.453948787725
"202",271.816,2.67855,651.664,26.0561,26.041,49,48.663,36.128,36.1246,199.9,174.7,33,1,183.325438239334
"203",272.2245,2.6151,676.967,24.2069,24.2,64,63.557,36.347,36.3464,182.3,181.4,33,1,177.852918617853
"204",231.109,2.21745,705.132,21.17195,20.918,84,83.415,36.48,36.47145,147,149.6,33,1,150.419551540977
"205",195.6795,1.9146,732.793,19.0508,18.657,104,103.271,36.493,36.5204,134.4,134.4,33,1,130.969905750826
"206",202.115,1.86585,796.371,15.93255,15.892,149,147.939,36.117,36.12825,135.9,137.8,33,1,136.483321038154
"207",183.1895,1.6942,866.441,14.06835,14.071,199,197.559,35.821,35.823,125.2,125.2,33,1,124.519259274801
"208",168.2465,1.4892,1088.273,9.98025,9.983,400,396.911,35.199,35.20165,115.4,115.6,33,1,115.746399948255
"209",291.8365,2.87335,663.359,27.65045,27.727,9,8.939,34.094,34.09205,200,199.3,34,1,198.4832143569
"210",291.4075,2.8861,683.402,27.98705,28.271,18,17.878,35.045,34.45165,197.8,199.5,34,1,197.492916975714
"211",290.463,2.8877,707.546,27.73,26.585,29,28.803,36.049,35.98735,193.5,192.5,34,1,197.732087080498
"212",279.617,2.728,729.635,25.71835,25.626,39,38.734,36.107,36.11715,197.1,185.4,34,1,186.780117754716
"213",297.3605,2.7845,762.542,23.7364,23.422,54,53.63,36.281,36.27855,198.6,199.7,34,1,195.14223233166
"214",255.4415,2.39795,789.82,21.48615,21.561,74,73.489,36.332,36.29335,158.3,165,34,1,162.927309348712
"215",178.0125,1.80675,836.824,19.5596,19.467,109,108.238,36.464,36.4715,120.2,121.8,34,1,120.407481331228
"216",181.851,1.78485,875.547,17.74745,17.845,138,137.025,36.385,36.37025,130.4,121.2,34,1,124.577482672258
"217",184.453,1.7622,917.072,16.34125,16.434,169,167.794,36.192,36.1795,134.4,121.5,34,1,128.062253920598
"218",186.0795,1.72845,984.24,14.8545,14.903,219,217.41,35.954,35.9488,127.2,127.1,34,1,128.243595031529
"219",287.1695,2.8549,613.484,28.34185,28.347,14,13.906,33.582,33.5481,196,196.4,35,1,195.920548624375
"220",277.8615,2.8606,634.58,29.78015,29.829,24,23.838,35.741,35.61965,189.8,190.2,35,1,189.551362603622
"221",266.396,2.66465,666.077,26.78845,26.632,39,38.735,36.075,35.9771,184.4,171.2,35,1,179.674224075139
"222",297.737,2.81265,687.06,24.3565,24.472,49,48.666,36.267,36.2764,201.7,201.5,35,1,196.949541000544
"223",262.301,2.4414,722.294,21.349,21.801,69,68.526,36.304,36.33235,172.5,179.2,35,1,173.228027701881
"224",198.6785,1.9494,761.758,19.57285,19.641,98,97.32,36.518,36.528,135.5,135.5,35,1,134.32215747836
"225",175.2405,1.72195,829.666,16.94815,16.687,148,146.955,36.22,36.2594,119.5,119.5,35,1,119.522148517678
"226",305.754,1.6896,3163.136,4.29595,4.296,2275,2247.549,34.972,34.97195,214.3,215.7,35,1,214.857090954572
"227",294.7745,2.86855,635.893,27.9419,28.077,9,8.94,31.495,31.4688,199.4,201.7,36,1,200.827446521358
"228",290.24,2.8523,656.484,28.30075,29.866,19,18.872,34.743,31.9783,184.1,181.6,36,1,182.073375751442
"229",256.962,2.6647,677.236,29.074,29.035,29,28.804,35.693,35.69415,161.8,163.4,36,1,168.587510375697
"230",232.1315,2.35215,707.783,25.22505,24.856,44,43.701,36.252,36.21945,169.1,155.7,36,1,162.048058970755
"231",235.342,2.2415,749.128,20.8728,20.564,64,63.563,36.489,36.4251,145.5,146.8,36,1,151.406613933995
"232",173.135,1.7519,799.978,18.49025,17.866,89,88.387,36.37,36.41705,119.9,118.5,36,1,116.099284078821
"233",168.2865,1.6433,866.711,15.37935,15.281,135,134.055,36.01,36.02795,116.9,116.3,36,1,113.077797872438
"234",304.555,1.68925,3121.317,4.28935,4.288,2245,2218.127,34.973,34.9725,214.1,214,36,1,213.163816214636
"235",283.5395,2.8888,969.648,28.98615,28.989,9,8.941,36.146,36.1334,194.6,194.4,37,1,193.693559358801
"236",283.7465,2.88745,990.045,28.99885,28.988,19,18.874,36.144,36.1338,194.9,194.4,37,1,193.850763950841
"237",283.7745,2.8856,1011.46,29.00255,28.993,29,28.807,36.151,36.1356,194.7,194.4,37,1,193.598336241515
"238",287.63,2.8951,1063.817,28.5643,28.543,54,53.638,36.268,36.27215,197.5,195.8,37,1,195.973120375678
"239",243.2275,2.3711,1173.705,23.59305,24.044,134,133.076,36.796,36.70205,165.6,166.5,37,1,164.248599965785
"240",173.287,1.66165,1369.809,15.80555,16.016,299,296.819,36.125,36.0896,125.4,122.4,37,1,121.951633220011
"241",181.5735,1.6259,1479.049,12.7525,12.754,399,395.994,35.603,35.6065,123.9,124.3,37,1,123.396842107952
"242",285.2845,1.76225,2486.018,4.5494,4.541,1301,1288.416,34.955,34.95575,197.3,197.5,37,1,197.677826859123
"243",308.264,1.6804,3797.961,4.2966,4.296,2403,2373.6,34.974,34.9725,218,217.1,37,1,217.670241145407
"244",286.886,2.8997,604.854,28.50195,28.495,3,2.98,36.222,36.24755,196.9,196.6,40,1,196.254716275582
"245",287.1435,2.8988,656.561,28.52485,28.525,19,18.873,36.223,36.2449,196.8,196.4,40,1,195.957550802371
"246",286.7175,2.892,676.575,28.5041,28.435,29,28.805,36.242,36.273,199.1,196.4,40,1,196.038906406078
"247",294.088,2.8736,697.012,26.49045,26.33,39,38.737,36.548,36.51,198.4,195.3,40,1,196.596360018297
"248",283.3005,2.72865,725.371,24.8933,24.578,53,52.641,36.661,36.6481,184.7,182.1,40,1,185.041141931129
"249",200.429,1.983,812.664,20.41245,20.105,109,108.247,36.61,36.6091,138.5,137.7,40,1,134.272223993187
"250",215.805,2.0613,834.263,19.57275,19.337,124,123.139,36.595,36.6194,142.1,144.7,40,1,141.708789774358
"251",228.846,2.1048,870.094,18.2708,18.206,149,147.957,36.488,36.5013,159.3,150.6,40,1,153.33155882498
"252",285.9585,2.8832,286.961,28.4098,28.4,14,13.906,36.072,36.07685,195.7,195.8,42,1,195.216224459331
"253",286.902,2.8839,351.242,28.30045,28.049,34,33.77,36.311,36.25615,196.2,196.4,42,1,196.213242975672
"254",284.738,2.82755,372.08,27.25365,27.215,44,43.702,36.472,36.45815,192.2,191.8,42,1,192.454145165637
"255",238.262,2.33365,432.823,23.1876,23.234,84,83.423,36.86,36.8602,160.8,158.2,42,1,159.700493107414
"256",225.168,2.18705,460.224,21.51185,21.497,104,103.28,36.865,36.877,153.9,152.9,42,1,151.00997411181
"257",221.7205,2.12495,480.948,20.32915,20.25,119,118.172,36.735,36.7538,150.2,150.4,42,1,146.939536227287
"258",286.5305,2.90245,781.303,29.35355,29.403,8,7.946,34.692,34.66505,196.7,194.9,43,1,196.263792939659
"259",287.129,2.8765,805.959,28.4167,28.435,18,17.879,35.098,35.0566,196.9,196.5,43,1,196.17292783627
"260",244.9435,2.5162,849.27,27.37615,27.1,38,37.742,36.058,36.0187,149.4,158.1,43,1,165.829659653261
"261",222.4495,2.2083,892.787,22.9562,22.657,59,58.597,36.31,36.30605,148.9,151.5,43,1,150.304982432637
"262",201.1575,1.97055,913.511,19.6599,19.531,73,72.499,36.365,36.37115,133,135.2,43,1,133.874908156886
"263",177.061,1.75995,976.215,17.73425,17.642,90,89.379,36.308,36.3129,123.3,120.8,43,1,119.727766208204
"264",316.4435,2.9665,346.062,27.42045,28.102,9,8.939,29.86,28.34305,176.2,230.1,44,1,230.154572672949
"265",253.2665,2.62345,366.011,28.7598,28.752,19,18.872,34.338,34.39255,177.8,178.1,44,1,174.279703954681
"266",254.7955,2.6222,382.037,28.55485,28.285,29,28.803,35.112,35.04295,163.2,165.1,44,1,170.027689177861
"267",340.6075,3.09175,770.451,26.709,26.728,9,8.939,26.679,26.725,232.4,232.8,45,1,233.713320935478
"268",340.707,3.09865,786.457,26.79085,26.9,14,13.905,27.224,26.9804,173.9,226.9,45,1,225.401563615457
"269",327.478,3.0141,689.116,26.70945,26.712,12,11.919,28.006,28.00275,223.5,222.5,48,1,223.165218158806
"270",287.702,2.8911,262.808,28.45825,28.469,14,13.907,35.439,35.43615,197.7,196.4,50,1,195.756233742393
"271",287.896,2.8905,283.68,28.47415,28.487,24,23.839,35.468,35.45655,197.8,196.7,50,1,195.843813953789
"272",297.5135,2.9275,304.68,27.6295,27.412,34,33.771,35.985,35.84465,208.2,208.4,50,1,205.407231038593
"273",317.572,3.02515,325.554,25.8816,25.276,44,43.703,36.248,36.2535,211.2,197.5,50,1,211.513352823552
"274",319.427,2.9597,346.345,23.97205,24.085,54,53.635,36.245,36.25575,213.3,211.4,50,1,213.725742120524
"275",289.9255,2.66545,369.826,22.12995,22.078,69,68.53,36.266,36.2617,186.8,189.2,50,1,191.470734121425
"276",284.397,2.8855,410.977,28.9081,28.881,9,8.94,35.626,35.6695,194.7,194.3,51,1,193.180004077022
"277",284.5,2.8809,433.165,28.8415,28.842,19,18.873,35.681,35.68165,195.6,194.7,51,1,193.828823162702
"278",285.478,2.8882,455.537,28.8473,28.822,29,28.806,35.748,35.75245,195.6,195.4,51,1,194.088222660173
"279",285.8635,2.886,477.809,28.8016,28.79,39,38.738,35.776,35.78055,198.7,195.5,51,1,194.761308248685
"280",310.4865,2.957,500.224,25.65065,25.458,49,48.67,36.124,36.0975,209.9,208.4,51,1,206.676352185698
"281",283.405,2.88765,586.903,29.15725,29.134,9,8.94,35.759,35.7681,193.2,194.3,54,1,192.934734713955
"282",283.8525,2.88905,609.299,29.16185,29.145,19,18.874,35.761,35.7678,163,188.6,54,1,179.272980860724
"283",283.8705,2.88605,630.231,29.16035,29.158,29,28.806,35.793,35.76745,193.7,194.1,54,1,193.405128396586
"284",307.52,3.0188,651.145,27.618,27.713,39,38.739,36.225,36.2327,224.6,208.5,54,1,209.499424296174
"285",320.3835,3.00185,690.696,24.95005,24.541,58,57.608,36.278,36.29935,212.4,211.2,54,1,213.531191132696
"286",283.7155,2.66355,723.948,23.3807,22.979,74,73.498,36.287,36.28055,192.2,188.8,54,1,187.4661140699
"287",251.4265,2.3671,758.684,21.5664,21.497,99,98.322,36.31,36.3089,168,169.5,54,1,164.010248222792
"288",171.337,1.7254,839.012,18.28155,18.183,159,157.888,36.405,36.4035,120,120.6,54,1,117.078148437112
"289",177.421,1.71655,893.25,16.4482,16.379,199,197.589,36.178,36.1895,121.9,120.9,54,1,122.761663647164
"290",163.1155,1.479,1116.369,10.76605,10.828,399,395.979,35.325,35.31745,113.2,111.6,54,1,110.293863311656
"291",218.7705,1.5777,1699.55,5.9161,5.907,877,869.363,34.911,34.90525,151.6,150.7,54,1,150.133112847119
"292",285.9625,2.89835,425.977,29.0217,29.05,14,13.907,35.515,35.5089,194.6,196,55,1,194.581538548807
"293",285.4615,2.89915,446.035,29.10785,29.121,24,23.84,35.902,35.90565,195.5,195.5,55,1,194.622243916044
"294",285.2295,2.90135,466.064,29.2205,29.09,34,33.772,35.971,36.01575,196.8,195.5,55,1,194.252077240732
"295",299.964,2.97855,487.103,28.26995,28.104,44,43.704,36.142,36.1321,205.8,195.2,55,1,203.909092156242
"296",302.553,2.85755,507.131,24.67665,24.633,54,53.635,36.176,36.17965,209.9,208.9,55,1,200.78053718678
"297",169.822,1.7361,605.249,19.00925,18.975,129,128.106,36.452,36.46235,118.3,116.1,55,1,115.441141556195
"298",168.732,1.4448,1026.465,8.4317,8.4,519,514.916,35.022,35.02815,111.6,112.6,55,1,113.193102435979
"299",174.292,1.448,1170.425,7.85315,7.852,623,617.944,34.974,34.9751,119.2,120,55,1,117.582274813898
"300",288.816,2.87245,497.816,28.28565,28.297,4,3.973,33.917,33.89995,197.3,197.5,58,1,197.411134966255
"301",288.819,2.8708,533.348,28.28745,28.373,9,8.94,34.048,33.89885,196.3,197.5,58,1,196.795672257145
"302",287.24,2.8726,556.965,28.53995,28.552,20,19.866,34.489,34.4485,195.5,196.7,58,1,196.293953759853
"303",285.7565,2.8672,629.337,28.6496,28.657,36,35.757,34.886,34.8804,194.9,195.8,58,1,194.948211760089
"304",287.491,2.8104,311.739,27.7595,27.761,9,8.939,31.78,31.7759,195.4,196.4,59,1,196.703601774881
"305",286.532,2.8021,374.555,27.7985,27.801,22,21.861,31.828,31.82435,196.1,195.8,59,1,195.897998859647
"306",285.767,2.87555,370.512,28.7061,28.714,3,2.98,34.695,34.6736,194.6,195.4,61,1,195.602855623353
"307",285.616,2.87315,425.177,28.74565,28.754,15,14.901,34.765,34.743,194.7,195.7,61,1,195.346321344009
"308",283.0545,2.8608,446.751,28.8903,28.901,25,24.834,35.094,35.08085,189.8,188.4,61,1,192.195141943246
"309",218.04,2.3086,468.364,27.67495,28.048,35,34.766,35.628,35.84205,164.3,148.7,61,1,162.070310714241
"310",288.716,2.9224,654.138,29.0632,29.064,14,13.909,35.568,35.5723,196.6,197.7,62,1,196.328526935769
"311",277.075,2.8276,724.298,29.06515,29.069,29,28.809,35.635,35.6335,182.2,181.6,62,1,184.421797289435
"312",281.8765,2.8683,545.922,29.08815,29.091,9,8.941,35.491,35.4953,192.4,193,64,1,191.902835244947
"313",281.999,2.86715,569.162,29.09715,29.114,19,18.876,35.513,35.5025,195.5,193.2,64,1,192.362780788967
"314",281.6475,2.869,592.216,29.22935,29.187,29,28.809,35.6,35.6385,190.3,192.9,64,1,190.319212047721
"315",313.914,3.05235,614.971,27.28295,27.261,39,38.742,36.087,36.07375,215.6,218.2,64,1,212.589291589995
"316",305.9345,2.85325,743.589,23.91585,23.888,53,52.649,36.261,36.2617,215.7,202.1,64,1,204.664924852209
"317",285.689,2.8832,292.528,28.7905,28.768,3,2.98,35.095,35.11625,195.3,195.7,65,1,195.503716844139
"318",285.4725,2.88635,333.271,28.88635,28.82,10,9.935,35.197,35.2738,196.4,195.5,65,1,194.65648510494
"319",285.336,2.90045,355.311,29.18055,29.205,20,19.869,35.777,35.7377,199.9,189.1,65,1,195.358807657221
"320",327.0965,3.143,373.824,26.98715,26.903,29,28.809,35.987,35.9643,224.4,223.5,65,1,220.132712246274
"321",334.264,3.1059,394.843,24.89585,24.686,39,38.742,36.1,36.0815,225.3,227,65,1,220.197458883614
"322",322.2465,2.95055,417.847,23.3426,23.315,50,49.669,36.212,36.2166,216.9,216.8,65,1,217.277054011234
"323",281.823,2.5875,454.983,21.5891,21.588,70,69.533,36.261,36.26205,178.3,187.2,65,1,183.187541734524
"324",169.5855,1.71305,527.078,17.9768,17.888,120,119.184,36.371,36.3889,116.9,116.1,65,1,114.964686853142
"325",170.691,1.68055,569.485,16.44285,16.437,150,148.97,36.182,36.1871,117.4,116.7,65,1,116.460019963629
"326",285.75,2.9033,1022.615,29.24575,29.292,10,9.935,35.352,35.34605,195,195.7,66,1,194.635325207641
"327",286.047,2.90105,1045.028,29.19085,29.185,20,19.869,35.373,35.37035,195.5,195.8,66,1,194.844989104166
"328",286.068,2.90295,1066.842,29.248,29.238,30,29.803,35.471,35.5449,212.8,190.2,66,1,196.737072532415
"329",324.2575,3.10685,1088.939,26.73415,26.637,40,39.736,35.967,35.9623,219.9,222.3,66,1,218.555462605574
"330",270.4585,2.49175,1165.388,21.1689,21.436,75,74.499,36.265,36.28315,186.4,187.5,66,1,182.71353548762
"331",175.5175,1.77715,1226.574,19.10565,18.917,120,119.185,36.438,36.44665,116.4,115.6,66,1,118.590813545351
"332",166.456,1.6666,1266.86,17.0112,16.762,150,148.97,36.215,36.2499,115.7,113.3,66,1,113.770794927808
"333",169.562,1.62435,1333.965,14.57615,14.529,200,198.603,35.893,35.90245,117.2,116.3,66,1,114.96583331089
"334",225.941,1.6075,2070.057,5.75005,5.75,859,851.648,34.914,34.92275,152.9,154.8,66,1,154.750322290437
"335",285.03,2.89995,856.317,29.3324,29.334,15,14.902,35.365,35.3793,194,195.3,67,1,193.77823768362
"336",285.536,2.9005,877.797,29.23495,29.238,25,24.836,35.588,35.5813,203.3,189.9,67,1,195.294538448835
"337",292.5525,2.94165,896.983,28.8275,27.657,34,33.776,35.961,35.73725,217.8,219.2,67,1,207.448613885532
"338",323.0355,3.04515,920.446,25.42005,25.269,45,44.702,36.234,36.23215,216.5,218.4,67,1,216.511093930221
"339",307.5945,2.8393,947.54,23.30045,23.519,60,59.601,36.293,36.25125,202,201.4,67,1,204.338438218507
"340",293.443,2.6732,972.6,21.74675,21.854,78,77.478,36.287,36.25555,187.2,194,67,1,194.893855499648
"341",198,1.9464,1016.728,19.82425,19.861,110,109.255,36.394,36.4173,131.2,133.1,67,1,133.533841476455
"342",165.401,1.6903,1058.271,18.33075,18.524,140,139.042,36.422,36.409,114.1,113.4,67,1,113.482552144038
"343",174.136,1.7127,1099.29,17.0086,17.046,170,168.824,36.27,36.2674,119.5,118.6,67,1,119.759001779525
"344",267.926,1.7244,2164.17,4.8089,4.835,1126,1115.651,34.944,34.9451,183.7,183.7,67,1,185.018909592422
"345",278.2655,2.5752,489.598,22.0814,22.024,90,89.395,36.25,36.2567,185.8,187.5,68,1,184.252503458391
"346",205.76,2.0153,530.986,20.50095,20.504,120,119.184,36.433,36.4376,129.5,136,68,1,137.449226856566
"347",279.1615,2.8645,245.587,29.2658,29.24,3,2.98,35.878,35.8849,192.2,191.5,69,1,189.543845123423
"348",282.273,2.8928,290.681,29.44145,29.429,20,19.869,36.213,36.2014,194.1,193.4,69,1,192.633037878415
"349",282.973,2.89655,311.581,29.45825,29.451,30,29.803,36.235,36.2426,193.9,193.6,69,1,192.874510311385
"350",283.5845,2.89145,353.78,29.34315,29.271,50,49.669,36.234,36.24625,197.2,188,69,1,193.688877550356
"351",325.7225,3.0334,393.799,24.81475,24.506,69,68.54,36.299,36.3335,217,217.2,69,1,217.652574967123
"352",307.6335,2.8268,427.473,23.14025,23.064,89,88.402,36.3,36.3086,199.9,203.6,69,1,202.979974684771
"353",186.437,1.8602,512.888,19.66105,19.822,150,148.97,36.553,36.54505,127.1,128.6,69,1,128.330495936595
"354",303.3495,1.7264,2595.075,4.3114,4.31,1959,1937.179,34.97,34.97345,213.3,210.9,69,1,211.544964374629
"355",283.398,2.89995,594.159,29.3378,29.2,10,9.935,36.11,36.204,202.2,188.5,70,1,194.402358149934
"356",283.2055,2.8962,614.267,29.35095,29.226,20,19.869,36.128,36.221,195.7,193.8,70,1,193.376103920895
"357",283.3525,2.895,634.084,29.35405,29.257,30,29.803,36.156,36.2234,194.9,194,70,1,193.260081346574
"358",283.6445,2.8908,673.76,29.33385,28.768,50,49.669,36.257,36.23115,209.2,188.6,70,1,197.283277344077
"359",328.897,3.0623,707.142,24.9446,24.86,70,69.533,36.308,36.29995,220,222.3,70,1,219.569884319477
"360",265.7365,2.52735,746.7,23.2433,22.745,100,99.325,36.564,36.5543,173.5,163.7,70,1,168.705129399089
"361",186.0695,1.8623,812.369,19.89705,19.736,150,148.97,36.554,36.55025,127.9,126.2,70,1,126.89111955041
"362",193.141,1.8488,878.067,17.73835,17.687,200,198.603,36.385,36.39115,139,135.9,70,1,134.573399866903
"363",257.4295,1.69065,1845.849,5.02615,5.084,1100,1089.958,34.934,34.93655,177.2,175.5,70,1,174.512247651864
"364",305.811,1.5866,4047.796,4.36675,4.365,3055,3013.283,34.976,34.9756,217.1,218.2,70,1,218.687895002235
"365",285.0795,2.9037,778.058,29.1874,29.217,15,14.902,36.028,36.0225,193.6,194.9,71,1,194.360016122334
"366",284.9725,2.9019,798.534,29.18945,29.192,25,24.836,36.057,36.10365,195.6,194.7,71,1,193.933345805715
"367",288.1745,2.91875,829.729,29.0195,28.694,40,39.736,36.253,36.26435,203.5,191.5,71,1,198.197154891682
"368",312.205,2.99415,871.098,26.2458,26.287,60,59.601,36.408,36.43345,187.6,204.2,71,1,205.270548948554
"369",261.1865,2.5654,902.387,25.1607,25.066,80,79.464,36.708,36.7419,178.1,169.2,71,1,172.84896536451
"370",237.618,2.24995,963.595,21.08785,20.875,125,124.149,36.36,36.35335,145.4,149,71,1,154.176927670153
"371",168.558,1.7153,1031.531,18.7432,18.656,175,173.788,36.452,36.46215,116.5,115.5,71,1,115.978673857978
"372",167.005,1.65545,1099.577,16.8075,16.58,225,223.414,36.2,36.23495,115.5,115.1,71,1,116.541237426226
"373",305.453,1.58795,4166.073,4.36445,4.363,3034,2992.714,34.976,34.97545,217.3,217.3,71,1,218.477057770669
"374",286.12,2.9064,596.023,29.01595,29.02,10,9.935,35.959,35.98105,195.5,195.6,72,1,195.074330915979
"375",285.2295,2.89705,613.38,28.9852,29.028,19,18.876,36.065,36.11825,196.6,195.3,72,1,194.499669766877
"376",285.5055,2.89135,645.14,28.86755,28.852,35,34.769,36.136,36.14115,194.7,195.3,72,1,194.702815995144
"377",297.654,2.92525,684.645,27.3625,27.163,55,54.635,36.157,36.2009,208.2,209.1,72,1,201.314889487926
"378",316.366,2.96765,722.472,24.9398,24.394,74,73.505,36.363,36.34715,194.5,182.9,72,1,207.312928346302
"379",236.9555,2.3038,793.817,22.7602,23.034,110,109.255,36.708,36.74045,158.7,161.2,72,1,160.304731710381
"380",189.44,1.8689,874.404,19.2836,19.538,160,158.897,36.589,36.5356,131.7,128.8,72,1,130.856602599683
"381",227.5005,1.6041,1740.95,5.6877,5.654,925,916.938,34.916,34.91695,138.7,152.4,72,1,152.409703130553
"382",286.6245,2.89615,579.846,28.72505,28.76,10,9.935,35.78,35.75875,194.2,195.9,73,1,195.548663322951
"383",286.331,2.89085,600.47,28.72665,28.763,20,19.869,35.78,35.758,193.4,195.9,73,1,195.121557866893
"384",285.459,2.8883,617.71,28.84825,28.843,29,28.809,35.868,35.8952,194.5,195.6,73,1,194.044503734693
"385",302.8735,2.9527,657.223,27.00805,27.519,50,49.669,36.153,36.16565,181.1,201.2,73,1,196.339148825859
"386",317.9105,2.9565,695.33,24.4559,24.408,70,69.533,36.291,36.29345,212.1,213.1,73,1,213.234776506867
"387",284.59,2.63155,741.12,22.45675,22.371,100,99.326,36.261,36.2727,190,192.2,73,1,189.519396675513
"388",169.255,1.69195,878.243,17.63415,17.679,200,198.603,36.347,36.3458,116.1,116.2,73,1,117.525951702943
"389",283.8055,2.90065,723.369,29.30025,29.311,15,14.903,36.208,36.2063,194.8,193.9,74,1,193.874833899787
"390",283.697,2.89565,743.989,29.2844,29.293,25,24.838,36.208,36.20765,194.4,194.1,74,1,193.727437791797
"391",283.7945,2.8924,773.933,29.2689,29.274,40,39.739,36.206,36.2087,194.3,194.4,74,1,193.384859408394
"392",290.5605,2.93075,804.544,28.91985,28.699,55,54.639,36.27,36.27395,205.5,191,74,1,199.213037313433
"393",300.5775,2.88385,834.92,25.7649,25.915,70,69.538,36.338,36.4401,210.2,200.1,74,1,201.420659186377
"394",279.8885,2.68215,875.156,24.64255,24.469,90,89.402,36.606,36.6063,188.5,174,74,1,185.216108855258
"395",254.658,2.37885,925.428,21.46895,21.479,125,124.158,36.294,36.29665,173.8,172.4,74,1,169.540101114557
"396",276.2545,1.74365,2089.493,4.67545,4.673,1200,1188.852,34.95,34.95035,191.2,190.3,74,1,190.658601167225
"397",284.528,2.8958,606.713,29.27835,29.273,4,3.975,35.449,35.4482,196.2,195.3,75,1,194.554879274578
"398",284.937,2.8975,661.871,29.26555,29.273,10,9.937,35.472,35.466,195.1,195,75,1,194.496514656977
"399",283.3055,2.90605,746.919,29.57305,29.58,4,3.975,35.992,35.9877,194.6,193.9,77,1,193.477044472256
"400",283.4175,2.9051,775.968,29.5769,29.582,10,9.937,35.991,35.9883,194.8,193.9,77,1,193.502721600809
"401",283.577,2.90465,799.465,29.5874,29.584,20,19.874,35.998,35.99555,193.9,193.9,77,1,193.17559362185
"402",283.2465,2.90205,823.146,29.61005,29.609,30,29.81,36.136,36.14155,196.7,193.7,77,1,193.271000083337
"403",283.371,2.9097,466.309,29.55685,29.557,4,3.975,36.243,36.247,194.6,193.8,78,1,193.846991849666
"404",283.2975,2.90655,513.061,29.5659,29.562,15,14.906,36.243,36.24665,194.1,193.8,78,1,193.46387748727
"405",283.3405,2.90415,537.482,29.56875,29.56,25,24.842,36.243,36.24645,190.6,193.8,78,1,192.639544872011
"406",283.1765,2.90055,562.245,29.562,29.565,35,34.778,36.243,36.2471,194.1,193.8,78,1,192.841198608585
"407",285.1415,2.91045,587.665,29.484,29.186,45,44.714,36.271,36.26405,201.6,188.6,78,1,195.861660130674
"408",282.8395,2.9009,218.983,29.4361,29.438,3,2.981,36.26,36.2636,193,194,79,1,193.499232104724
"409",283.6135,2.90485,273.298,29.44415,29.436,15,14.906,36.26,36.26405,192.3,193.8,79,1,193.469686809106
"410",283.699,2.90275,293.269,29.4419,29.441,25,24.842,36.26,36.26435,193.3,193.9,79,1,193.467589120643
"411",284.3885,2.9037,323.466,29.4178,29.308,40,39.746,36.266,36.26695,198.3,188.8,79,1,194.510880717646
"412",298.388,2.757,382.173,23.01505,22.923,75,74.518,36.249,36.2551,217,196.2,79,1,200.624265967732
"413",273.939,2.5446,402.502,22.1126,22.013,90,89.418,36.277,36.28965,184.9,174.5,79,1,181.124900375198
"414",171.1045,1.7077,497.5,17.5771,17.317,160,158.939,36.304,36.338,116.9,116.9,79,1,116.887112690222
"415",168.54,1.6402,551.757,15.56865,15.47,200,198.654,36.039,36.0553,113.2,115,79,1,115.612599629659
"416",160.3515,1.5616,687.61,14.4819,14.474,240,238.362,35.882,35.8862,110.2,110.1,79,1,109.236253121223
"417",283.6255,2.8972,380.097,29.33085,29.309,15,14.906,36.018,36.0005,193.4,194.1,80,1,193.58580863582
"418",283.6515,2.89415,400.447,29.328,29.313,25,24.842,36.028,36.0016,194.9,194.1,80,1,193.792211583463
"419",311.266,2.93705,441.505,24.9473,24.935,45,44.714,36.29,36.27545,214,212.9,80,1,208.136517074501
"420",308.094,2.85075,481.998,23.51565,23.39,65,64.584,36.273,36.2819,205.8,209.4,80,1,203.523443127545
"421",264.0375,2.43285,518.155,20.80245,20.898,95,94.385,36.224,36.23175,184.8,168.7,80,1,177.144662858482
"422",193.6715,1.90765,548.112,19.53085,19.615,120,119.216,36.424,36.42835,127,127.5,80,1,130.880680880058
"423",163.858,1.6645,584.115,17.68845,17.879,150,149.009,36.366,36.347,111.2,112.1,80,1,112.680601814935
"424",305.8915,1.72325,2644.79,4.28095,4.281,2037,2014.466,34.972,34.9718,213.4,213.7,80,1,213.26957072861
"425",283.1695,2.9088,509.163,29.56795,29.509,4,3.975,36.225,36.2407,193.8,194.2,82,1,193.623596431866
"426",283.2295,2.90805,664.457,29.5779,29.512,10,9.937,36.225,36.24375,195,194.2,82,1,193.701199634668
"427",283.155,2.90425,687.046,29.57455,29.516,20,19.874,36.225,36.2454,194.2,194.2,82,1,193.37423736512
"428",283.7305,2.90535,711.16,29.54975,29.51,30,29.81,36.224,36.2429,202.2,188.8,82,1,194.460837047988
"429",327.338,3.03485,763.876,24.49315,24.819,55,54.649,36.282,36.28,223.6,221,82,1,220.471542787677
"430",283.103,2.6239,796.609,22.50265,22.092,78,77.498,36.22,36.3083,198.7,175.2,82,1,188.278723686799
"431",165.0575,1.6638,910.772,17.364,17.627,160,158.939,36.339,36.3084,114.9,112.9,82,1,113.409810995513
"432",302.3535,1.5797,3999.117,4.36145,4.36,3019,2978.796,34.975,34.97425,217.8,215.4,82,1,215.263930971002
"433",283.4575,2.90745,347.43,29.5528,29.557,15,14.906,36.203,36.20825,193.5,193.9,83,1,193.26853382423
"434",283.433,2.9042,369.011,29.56835,29.561,25,24.842,36.204,36.20695,195.1,193.7,83,1,193.489951876366
"435",283.337,2.90125,390.405,29.56865,29.556,35,34.778,36.2,36.2071,194.1,193.7,83,1,192.974007753676
"436",331.3775,3.1168,420.632,25.6547,26.538,49,48.688,36.303,36.2993,219.1,221.7,83,1,220.6428016276
"437",314.942,2.8903,453.011,23.29875,23.169,69,68.558,36.253,36.26135,211.7,212.6,83,1,210.3496636627
"438",284.013,2.59855,494.706,21.69875,21.607,100,99.351,36.243,36.2271,177.5,188.6,83,1,183.838540241082
"439",168.256,1.7177,562.056,18.77015,18.804,150,149.009,36.461,36.4625,112.7,115.1,83,1,115.231512062567
"440",164.399,1.6318,629.416,16.3378,16.418,200,198.654,36.177,36.16765,112.4,112.8,83,1,113.949771826627
"441",235.8125,1.6378,1353.908,5.46795,5.466,899,891.452,34.922,34.9233,162.4,162,83,1,160.769073620691
"442",299.0705,1.51825,4088.591,4.4118,4.41,3445,3395.802,34.975,34.9752,214.4,215.2,83,1,215.821799628692
"443",283.3305,2.90545,539.736,29.44285,29.441,15,14.907,36.423,36.42745,193.4,193.8,84,1,193.53865683304
"444",283.508,2.90245,567.941,29.43305,29.428,29,28.819,36.422,36.42735,191.4,193.5,84,1,193.031256172533
"445",283.125,2.8942,600.47,29.42145,29.331,45,44.718,36.415,36.4265,194.9,193.7,84,1,193.434878000461
"446",321.9015,2.9933,630.614,24.4946,24.204,60,59.622,36.267,36.2878,212.6,215.9,84,1,214.567948655832
"447",280.9785,2.58,670.808,21.6478,21.948,80,79.493,36.296,36.30415,177.7,192.2,84,1,184.609377063614
"448",173.581,1.74675,759.615,18.36295,18.356,124,123.2,36.428,36.43025,119.5,118.8,84,1,117.453506948818
"449",162.7655,1.56735,962,14.00825,14.078,225,223.494,35.822,35.81325,110.9,111.8,84,1,110.126274373197
"450",248.0975,1.68,1729.655,5.19625,5.156,925,917.266,34.931,34.9308,170.8,171.3,84,1,171.784676353056
"451",300.2655,1.5467,4248.831,4.38565,4.385,3235,3190.645,34.975,34.9739,216.4,214.9,84,1,212.339000467306
"452",284.9065,2.91815,609.707,29.40165,29.389,4,3.975,36.429,36.433,195.4,195,85,1,195.41851236174
"453",285.2555,2.92,684.534,29.40135,29.389,10,9.938,36.43,36.4334,195.2,195.1,85,1,195.315981011703
"454",285.178,2.91435,726.426,29.40575,29.398,29,28.82,36.428,36.4328,195.5,194.9,85,1,194.870579694792
"455",313.184,3.0438,770.675,27.1834,27.184,50,49.687,36.34,36.3488,215.6,214,85,1,211.870436678667
"456",277.92,2.56295,809.513,21.73465,21.859,78,77.506,36.351,36.35435,180.3,182.6,85,1,182.854621073525
"457",216.478,2.08665,832.381,20.30095,20.132,95,94.395,36.455,36.44,128.9,131.1,85,1,139.809835266022
"458",172.6655,1.74495,866.356,18.4902,18.542,120,119.228,36.448,36.44685,117.3,119.5,85,1,116.873708007685
"459",170.734,1.6866,906.796,16.70535,16.649,150,149.024,36.214,36.22395,115.7,116.7,85,1,116.404735156267
"460",163.903,1.59085,974.206,14.63175,14.665,200,198.675,35.913,35.9084,111.9,111.9,85,1,111.116326530109
"461",306.994,1.74935,2787.994,4.26195,4.261,1882,1862.053,34.972,34.97235,213.8,213.7,85,1,214.936952107378
"462",283.3525,2.88685,548.166,29.42255,29.403,3,2.982,34.912,34.97785,193.1,193.8,86,1,193.52156122086
"463",282.727,2.8843,582.386,29.51985,29.455,15,14.908,35.058,35.19565,194.1,193.8,86,1,192.504223855808
"464",288.7185,2.81495,611.861,26.10205,25.012,30,29.815,36.286,36.28075,193,192.8,86,1,191.530817327724
"465",265.6375,2.4731,641.236,21.9508,21.982,45,44.72,36.316,36.3379,168.1,168.5,86,1,173.167467333144
"466",170.165,1.76885,689.728,20.03255,20.079,70,69.561,36.496,36.5011,115.9,115.1,86,1,117.105373631573
"467",295.549,1.76925,2398.395,4.3903,4.39,1486,1471.674,34.964,34.96405,204.8,204.2,86,1,201.129442982621
"468",284.2155,2.89505,818.29,29.33845,29.346,4,3.975,35.269,35.31195,194.2,195,88,1,193.512540091133
"469",284.1475,2.8944,838.267,29.3764,29.362,10,9.939,35.291,35.3374,182.6,190,88,1,189.548002301045
"470",283.953,2.91645,860.49,29.7364,29.737,20,19.878,36.197,36.18455,195.4,194.3,88,1,193.686797808015
"471",279.957,2.64695,915.735,23.44295,23.572,45,44.722,36.272,36.279,189.7,187.9,88,1,186.420055899295
"472",178.3245,1.824,1008.476,20.2544,20.197,100,99.37,36.504,36.5055,114,114.2,88,1,122.193125777271
"473",164.1805,1.66665,1074.379,17.69645,17.717,150,149.037,36.349,36.348,121.1,108.6,88,1,111.869651296559
"474",162.2085,1.606,1141.482,15.79665,15.435,200,198.692,36.028,36.0852,108.1,109.5,88,1,111.267265183039
"475",156.9975,1.52605,1196.098,13.8056,13.678,250,248.335,35.761,35.78395,106.7,107.6,88,1,105.665773000315
"476",192.9725,1.4988,1727.809,6.7178,6.723,722,716.377,34.934,34.93545,134.4,132.7,88,1,130.526970697569
"477",292.8345,2.92605,1170.295,29.26715,29.27,4,3.976,32.919,32.87865,200.5,199.8,89,1,199.95063929015
"478",290.453,2.9768,1237.914,29.9479,29.921,10,9.939,36.197,35.9283,194.3,184.6,89,1,199.446126166613
"479",273.706,2.81405,1269.905,29.2392,29.214,20,19.878,36.217,36.20345,189.7,186.9,89,1,187.182937601435
"480",250.3945,2.49345,1339.913,25.3914,25.233,40,39.754,36.216,36.21415,156.6,157.7,89,1,162.780218778009
"481",228.1355,2.29735,1539.057,24.4806,24.484,54,53.667,36.246,36.2507,157.6,156.3,89,1,156.538459770321
"482",282.7965,2.9056,471.466,29.63605,29.691,14,13.913,36.287,36.25295,193.7,193.6,90,1,192.973049581689
"483",283.051,2.9047,494.809,29.6268,29.668,25,24.843,36.286,36.2655,193.8,193.5,90,1,192.893206144297
"484",288.117,2.88105,523.968,28.00845,29.174,40,39.747,36.367,36.399,198.5,188.3,90,1,193.998532055697
"485",271.8425,2.521,576.813,21.67915,21.69,67,66.572,36.298,36.3427,180.5,183,90,1,178.46941067407
"486",163.8605,1.70935,636.112,19.5327,19.488,109,108.292,36.475,36.4781,111.7,111.5,90,1,112.073447428377
"487",156.1295,1.63345,664.941,18.4772,18.538,130,129.149,36.422,36.4231,107.5,106.9,90,1,107.680530378356
"488",163.5895,1.64735,720.339,17.06105,16.987,170,168.871,36.253,36.2681,113.9,113.4,90,1,112.284098643789
"489",167.7225,1.6402,761.433,15.7888,15.93,200,198.658,36.104,36.0886,114.1,113.5,90,1,115.647018394363
"490",159.669,1.51705,898.927,12.92545,12.639,300,297.915,35.6,35.6441,109,108.5,90,1,106.884816499372
"491",288.645,1.77325,1954.201,4.4911,4.476,1300,1287.877,34.958,34.95815,198.8,199.3,90,1,199.256760856814
"492",300.4505,1.5407,4151.74,4.3939,4.393,3290,3244.224,34.975,34.97525,215.1,215.2,90,1,212.513159178513
"493",282.7785,2.91415,864.093,29.7295,29.722,10,9.938,36.548,36.5521,193.2,193.6,91,1,193.349385122001
"494",282.925,2.91145,884.654,29.69525,29.701,20,19.875,36.55,36.55375,193.5,193.4,91,1,193.237012091057
"495",282.5665,2.9051,905.447,29.67535,29.672,30,29.811,36.55,36.55635,194.1,193.4,91,1,192.963499239654
"496",282.7305,2.90345,926.415,29.6619,29.662,40,39.748,36.558,36.5599,203.7,188.2,91,1,194.063479680312
"497",311.5,2.9564,947.287,25.3766,25.19,50,49.683,36.294,36.30385,217.7,216.8,91,1,208.669825341356
"498",309.811,2.85135,965.069,23.21435,23.126,60,59.618,36.254,36.24765,207.7,207.5,91,1,205.752679765848
"499",289.9185,2.6786,978.941,22.52895,22.457,70,69.553,36.282,36.29385,191,191.2,91,1,192.5369074048
"500",281.531,2.5867,992.729,21.70135,21.431,80,79.488,36.295,36.2742,173.5,173.9,91,1,178.235809919492
"501",248.288,2.3244,1006.543,20.8991,20.729,90,89.421,36.326,36.33455,150.1,157.7,91,1,158.260058787142
"502",292.018,2.95375,822.492,28.8289,28.82,10,9.938,36.494,36.5003,200.3,199.6,94,1,199.698576474488
"503",284.593,2.91895,473.601,29.551,29.637,10,9.937,36.305,36.3022,194.7,194.1,95,1,194.229584849038
"504",285.732,2.92035,494.924,29.4079,29.404,20,19.874,36.328,36.32095,197.1,195.1,95,1,195.341875725464
"505",288.6985,2.93835,516.26,29.281,29.256,30,29.81,36.402,36.4026,200.6,197.3,95,1,197.291245117231
"506",295.6295,2.9759,537.495,28.8844,28.87,40,39.746,36.419,36.4228,205.2,201.7,95,1,201.255520035392
"507",308.09,3.03255,602.099,27.8932,27.865,49,48.688,36.417,36.41065,211.2,210.5,95,1,208.642254411064
"508",283.8735,2.9096,365.972,29.46935,29.506,15,14.905,36.355,36.4239,194.5,194,96,1,194.306525809401
"509",284.847,2.9113,382.918,29.3484,29.358,24,23.848,36.463,36.4743,195,194.7,96,1,194.852962455355
"510",284.3645,2.90485,403.284,29.31555,29.313,35,34.778,36.494,36.49845,213.9,189.6,96,1,197.505081420529
"511",296.703,2.93385,422.026,27.64495,27.613,45,44.713,36.442,36.4385,203.2,204.8,96,1,200.97974532567
"512",302.179,2.91115,440.635,26.0126,25.923,55,54.648,36.452,36.45745,200.9,201.5,96,1,200.253445425901
"513",284.588,2.70025,459.385,24.09,24.016,65,64.582,36.413,36.4245,191.4,189.4,96,1,188.929264017908
"514",280.2995,2.60255,476.399,22.30145,22.341,74,73.522,36.319,36.3171,187,187.2,96,1,186.18569160897
"515",182.368,1.8447,524.849,19.95935,19.95,100,99.348,36.457,36.46195,121.4,120.7,96,1,124.150776950675
"516",172.066,1.7662,683.567,19.73495,19.715,133,132.123,36.465,36.49095,119.1,118.2,96,1,117.512581268689
"517",282.664,2.9038,431.218,29.6001,29.603,9,8.943,36.228,36.2259,193.4,193.3,97,1,193.103504737894
"518",284.028,2.91115,454.49,29.534,29.538,20,19.873,36.267,36.2755,194.5,194.7,97,1,193.732615574178
"519",287.569,2.9326,473.187,29.4114,29.441,29,28.815,36.314,36.33795,196,195.9,97,1,196.072388295773
"520",287.1945,2.92425,494.05,29.27345,29.259,39,38.751,36.401,36.46505,196.5,196.5,97,1,196.147736569342
"521",288.6215,2.86985,516.983,27.64705,28.088,50,49.679,36.465,36.47675,199.5,200.9,97,1,195.87223477796
"522",301.4025,2.8456,547.771,24.63295,24.112,70,69.548,36.424,36.4272,203.5,200,97,1,197.736201885505
"523",268.201,2.4971,575.806,21.721,21.69,90,89.414,36.392,36.39145,169.4,168,97,1,169.054662077368
"524",175.687,1.78335,617.95,19.38525,19.303,120,119.21,36.464,36.47515,118.5,116.6,97,1,119.18149652389
"525",166.3875,1.67505,660.018,17.4204,17.466,150,149.002,36.316,36.3118,115.6,114.8,97,1,113.754455726651
"526",166.6875,1.6268,730.237,15.4687,15.459,200,198.645,36.035,36.03905,116.2,114.2,97,1,114.043893607542
"527",238.9685,1.64065,1634.127,5.4051,5.402,965,956.703,34.925,34.9276,163,164.1,97,1,161.582348884559
"528",285.4235,2.9137,468.104,29.23265,29.229,9,8.944,36.391,36.39545,195.9,195.3,99,1,195.789665607046
"529",285.5095,2.9005,368.683,28.92365,28.92,9,8.943,36.233,36.2369,196.9,195.4,100,1,195.883217369837
"530",285.8035,2.8994,391.371,28.90805,28.909,20,19.874,36.24,36.24295,207,190,100,1,197.350408137903
"531",315.7235,3.0338,410.487,26.30355,25.955,29,28.816,36.526,36.50465,188,194.2,100,1,207.689023728281
"532",271.182,2.60815,433.659,24.0741,24.077,40,39.746,36.555,36.55835,173.4,165.2,100,1,173.194606769564
"533",285.6185,2.92375,467.642,29.5756,29.561,15,14.905,36.073,36.07735,194.4,195.4,101,1,194.578029231506
"534",286.0105,2.9232,489.439,29.5443,29.539,25,24.841,36.073,36.07735,199.6,190.1,101,1,195.17190697665
"535",289.4505,2.93655,511.277,29.1853,29.264,35,34.776,36.13,36.1416,205.6,190.2,101,1,197.575608025787
"536",319.2375,3.0822,533.036,26.9407,26.638,45,44.712,36.447,36.44065,215.3,217.4,101,1,215.847873041481
"537",300.94,2.83175,553.001,24.2049,23.613,54,53.652,36.621,36.58465,171.8,171.7,101,1,185.633135555736
"538",284.9845,2.9138,713.75,29.44315,29.474,10,9.936,36.027,36.02975,194.5,194.7,102,1,194.33356949852
"539",285.0955,2.9114,735.103,29.41405,29.416,20,19.872,36.027,36.0306,195.5,194.9,102,1,194.307231234866
"540",296.81,2.9877,757.4,28.9183,28.285,30,29.807,36.319,36.21435,205.2,203.4,102,1,203.134017249788
"541",297.992,2.9005,779.886,26.46735,26.522,40,39.752,36.519,36.53855,199.7,190.7,102,1,199.360530972666
"542",283.755,2.7356,802.487,25.0125,25.406,50,49.676,36.64,36.5733,195.6,187.1,102,1,189.347266482296
"543",285.204,2.6739,833.854,23.22355,23.22,64,63.584,36.462,36.44265,189,185.7,102,1,189.304200456839
"544",209.57,2.05525,892.459,20.7909,20.797,90,89.409,36.458,36.4753,142.4,142.6,102,1,141.357995540333
"545",193.208,1.92345,937.477,20.1545,20.16,110,109.273,36.529,36.5351,129.4,133.1,102,1,131.334015347645
"546",179.6295,1.8045,982.692,19.13925,19.096,125,124.169,36.481,36.47705,123.5,122.5,102,1,121.641172757666
"547",283.4725,2.8994,937.609,29.3833,29.319,15,14.904,36.169,36.17135,193.9,193.8,103,1,193.884719032147
"548",284.163,2.8949,959.094,29.1886,29.077,25,24.839,36.176,36.16535,194.1,194.3,103,1,194.444631959804
"549",286.7695,2.88275,980.582,28.35095,28.398,35,34.774,36.229,36.23725,194.4,195.5,103,1,195.411752517619
"550",283.5695,2.8407,997.875,27.9701,27.824,43,42.721,36.316,36.28085,191.1,192.1,103,1,193.087195473718
"551",284.31,2.8083,1022.94,26.9729,26.252,55,54.641,36.439,36.3981,192.6,194.8,103,1,191.698991306702
"552",285.224,2.7122,1060.476,24.31625,23.679,76,75.501,36.357,36.45685,203.4,203.9,103,1,189.197171720469
"553",244.424,2.3668,1087.347,23.0597,22.957,95,94.371,36.595,36.609,165.6,164.6,103,1,162.5999678912
"554",233.1485,2.23065,1123.056,21.41425,20.774,121,120.192,36.543,36.52275,150.3,149.3,103,1,149.938188624851
"555",219.8895,2.0128,1163.875,17.1919,17.26,150,148.988,36.335,36.32805,150,149.8,103,1,147.554639603444
"556",197.981,1.7953,1229.043,14.5999,14.748,200,198.626,35.93,35.90855,135.6,135.5,103,1,135.498000987811
"557",187.2015,1.66675,1337.215,12.6261,12.525,300,297.867,35.569,35.5877,127.2,127.9,103,1,128.611501013312
"558",182.394,1.4971,1620.246,7.82595,7.819,522,518.012,34.949,34.95175,126.1,124.8,103,1,123.557377894216
"559",283.2655,2.90415,372.83,29.51175,29.517,15,14.903,36.277,36.2757,195,193.6,104,1,193.770024030763
"560",283.2865,2.901,403.474,29.52015,29.522,30,29.805,36.277,36.27595,193.5,193.6,104,1,193.175179486399
"561",282.921,2.8925,444.941,29.52805,29.533,50,49.673,36.276,36.27575,193.9,193.5,104,1,192.75838140956
"562",292.24,2.9348,477.416,28.8209,28.719,71,70.531,36.256,36.24055,199.1,199.4,104,1,198.865470502092
"563",279.8415,2.78545,509.403,27.5874,27.35,94,93.374,36.344,36.349,189.2,186.8,104,1,189.703675468413
"564",252.3215,2.51775,551.489,26.08905,25.921,125,124.159,36.687,36.65755,169.6,170.5,104,1,168.997374358423
"565",232.758,2.27525,609.435,23.1349,22.968,169,167.844,36.988,36.9876,158.7,159.4,104,1,159.043140725458
"566",304.1625,1.6395,3152.924,4.33025,4.329,2600,2567.39,34.974,34.97325,193.2,203,104,1,206.187000745972
"567",300.1765,1.5188,4322.96,4.4155,4.414,3468,3417.662,34.976,34.976,216.8,215.9,104,1,217.457637763905
"568",283.486,2.90565,183.454,29.40985,29.501,3,2.981,36.271,36.27165,194.2,194.2,105,1,193.796236392893
"569",284.125,2.9086,219.595,29.4134,29.454,15,14.902,36.269,36.2712,194.2,194.1,105,1,193.893233910722
"570",284.2255,2.9049,248.74,29.4192,29.441,30,29.804,36.267,36.271,194,194.3,105,1,193.800791583853
"571",283.839,2.89785,277.733,29.42125,29.431,45,44.704,36.266,36.2716,193.6,194.2,105,1,193.274514424501
"572",283.9035,2.8945,307.027,29.42105,29.43,60,59.603,36.265,36.2711,194.3,194.1,105,1,193.229977941324
"573",289.3135,2.9098,345.801,28.8495,28.737,80,79.467,36.247,36.2182,198.6,196.6,105,1,197.543043845007
"574",271.524,2.7029,416.524,27.28865,27.177,125,124.154,36.387,36.3952,182.5,183.2,105,1,182.791688512948
"575",228.3765,2.2148,554.654,22.5028,22.311,225,223.424,36.953,36.97165,156.3,155.4,105,1,158.104876632512
"576",308.093,1.5605,4018.154,4.39855,4.397,3322,3274.761,34.978,34.979,221.5,220.8,105,1,223.42801642852
"577",284.168,2.91635,508.326,29.59415,29.631,10,9.935,36.292,36.2802,194.7,194.3,106,1,194.183578360936
"578",284.302,2.9128,541.244,29.56465,29.585,24,23.843,36.284,36.28035,194.6,194.3,106,1,193.962940398839
"579",283.85,2.90455,579.003,29.56905,29.549,40,39.736,36.277,36.29205,194.5,194.3,106,1,193.6014747349
"580",285.332,2.907,624.277,29.45985,29.021,59,58.608,36.243,36.2806,199.3,199,106,1,196.020031006516
"581",231.208,2.2828,835.403,23.9743,24.113,200,198.603,36.922,36.94005,158.2,159,106,1,162.127397097548
"582",178.8985,1.4478,1519.203,7.74635,7.709,800,793.268,34.952,34.95655,122.8,123.6,106,1,126.002605492746
"583",258.963,1.68185,1969.033,5.00265,4.994,1200,1188.767,34.938,34.93825,179.1,178.8,106,1,168.742514971647
"584",287.8265,1.75535,2196.45,4.51455,4.524,1400,1386.237,34.957,34.9582,198.6,198.1,106,1,196.327620341157
"585",298.4955,1.7625,2426.584,4.37005,4.365,1600,1583.521,34.966,34.96525,206.7,206.7,106,1,205.756337911923
"586",305.682,1.64425,3516.55,4.3219,4.321,2600,2567.206,34.974,34.97355,214.3,215.6,106,1,212.520670864091
"587",284.038,2.92235,444.764,29.7873,29.799,15,14.905,36.268,36.27455,195.6,193.9,107,1,193.742692391231
"588",283.5875,2.9152,465.072,29.7795,29.786,25,24.841,36.268,36.2749,195.2,194,107,1,193.32310097177
"589",283.569,2.91185,485.534,29.7776,29.785,35,34.777,36.269,36.2751,196.1,193.8,107,1,193.30816433896
"590",283.514,2.90895,506.01,29.7732,29.78,45,44.712,36.268,36.274,194.7,194.1,107,1,192.838000447396
"591",289.2715,2.943,526.384,29.53075,29.752,55,54.646,36.263,36.2529,195.2,194,107,1,195.6305923452
"592",288.351,2.91915,547.971,29.20075,29.198,70,69.547,36.265,36.2728,197.7,196.4,107,1,196.263137984384
"593",286.658,2.8786,569.158,28.58515,28.569,85,84.447,36.285,36.2884,195.9,195.8,107,1,195.41500788848
"594",273.638,2.73225,590.58,27.4602,27.46,100,99.346,36.41,36.41215,186.1,184.9,107,1,184.589798713155
"595",237.379,2.3434,661.151,24.1393,24.215,150,149.001,36.961,36.98005,162.1,162.3,107,1,162.490913837371
"596",226.8735,2.1895,732.274,21.8476,21.453,201,199.636,36.894,36.93085,153.6,154.9,107,1,153.374784180519
"597",228.8485,2.0754,849.71,18.23345,18.092,300,297.894,36.467,36.493,154.5,156.1,107,1,156.375413389473
"598",215.137,1.906,960.486,15.97305,15.952,401,398.087,36.13,36.13935,148,148.1,107,1,146.563644541109
"599",189.1595,1.4813,1401.478,7.104,7.212,800,793.429,34.917,34.9144,128.1,129.2,107,1,131.76575358252
"600",297.719,1.8163,1992.305,4.36655,4.366,1231,1219.634,34.964,34.9639,207,204.7,107,1,215.294517446931
"601",283.033,2.925,536.396,30.02625,30.012,3,2.981,36.262,36.26465,189,188.7,109,1,192.22901838608
"602",283.2395,2.92115,574.795,29.966,30.001,15,14.905,36.257,36.25365,193.6,193.6,109,1,192.998101721247
"603",283.907,2.9219,598.655,29.9107,29.907,25,24.841,36.242,36.24765,193.5,193.7,109,1,193.247636405632
"604",287.833,2.9401,633.522,29.67625,29.724,40,39.745,36.234,36.23255,196.6,196.2,109,1,195.723937134442
"605",289.3705,2.92055,665.085,28.97805,29.101,55,54.648,36.195,36.19455,197,197.7,109,1,196.703343149057
"606",275.21,2.74585,694.408,27.3587,27.208,75,74.516,36.456,36.42805,183,183.7,109,1,183.793770329238
"607",245.924,2.4508,730.389,25.2839,24.814,100,99.348,36.89,36.82715,164.5,165.1,109,1,162.858339413921
"608",232.7605,2.2536,799.3,22.24735,22.27,150,149.004,36.976,36.98435,159.5,159.3,109,1,157.962800041052
"609",282.4285,2.9102,249.37,29.885,29.788,10,9.937,36.177,36.17975,193.8,193.2,110,1,193.298627164179
"610",285.226,2.9094,271.977,29.30965,29.621,20,19.874,36.172,36.20635,195,193.9,110,1,193.931539310322
"611",282.896,2.8599,293.291,28.5186,28.676,30,29.81,36.267,36.2892,192.7,193,110,1,192.790903870583
"612",282.5395,2.8533,315.308,28.47925,28.439,40,39.745,36.294,36.2954,192.7,192.8,110,1,192.81902309181
"613",282.457,2.8454,339.384,28.36995,28.35,51,50.674,36.299,36.30305,193.2,193.3,110,1,192.667965608217
"614",279.4475,2.8045,354.891,27.9453,28.102,60,59.615,36.331,36.355,190.3,192.8,110,1,189.409812199155
"615",250.3515,2.4816,383.763,25.074,24.834,80,79.483,36.729,36.75575,183.2,163.1,110,1,173.774133219087
"616",235.689,2.3149,412.577,23.31725,23.07,100,99.349,36.923,36.9356,159.7,159.6,110,1,157.782552758157
"617",221.3185,2.0978,497.829,19.766,19.567,155,153.971,36.669,36.69755,151.3,151.9,110,1,146.748136598528
"618",192.745,1.71635,686.095,13.3822,13.376,311,308.819,35.71,35.7149,131.6,131.7,110,1,132.035395895415
"619",280.0235,2.83315,352.723,28.32,28.251,15,14.906,36.304,36.29235,188.5,191.8,111,1,190.827712803051
"620",266.8495,2.66345,373.36,26.45995,26.458,25,24.842,36.516,36.5083,178.6,180.6,111,1,176.480168969373
"621",251.1345,2.48245,393.872,24.66915,23.956,35,34.778,36.653,36.67395,161.4,164.4,111,1,161.771160222955
"622",227.5935,2.22765,414.718,22.0842,21.995,45,44.714,36.596,36.59625,152.6,153.1,111,1,152.708304726713
"623",220.2895,2.1365,432.626,20.8351,20.498,54,53.655,36.567,36.58525,142.1,140.6,111,1,144.510803034781
"624",209.023,2.02605,462.474,19.72705,19.546,75,74.517,36.557,36.57555,141.6,140.8,111,1,138.775154300064
"625",210.118,2.0008,482.087,18.64585,18.431,89,88.424,36.466,36.4955,140.8,140.4,111,1,139.068697714834
"626",205.008,1.9116,539.043,16.87275,17.03,129,128.153,36.282,36.26115,138.7,139.8,111,1,138.008476523771
"627",208.7955,1.9085,597.585,16.1353,16.108,170,168.867,36.148,36.1556,142.9,142.8,111,1,141.304933172532
"628",282.6125,2.8776,416.48,28.8938,28.905,3,2.981,36.215,36.21895,193.1,193,112,1,193.632134187187
"629",282.575,2.87545,429.622,28.8905,28.906,10,9.937,36.215,36.21765,193.7,193,112,1,193.504773258128
"630",280.4995,2.78145,448.054,26.8725,27.682,20,19.874,36.265,36.3148,177.9,188.3,112,1,183.1774157157
"631",242.741,2.38805,466.641,23.6549,23.457,30,29.81,36.519,36.5093,162.8,163.3,112,1,161.035014223011
"632",225.664,2.20455,483.384,21.77675,21.721,39,38.753,36.541,36.54165,148.9,145.5,112,1,151.543666400803
"633",211.345,2.0855,504.172,21.1671,21.254,50,49.681,36.528,36.5353,145.1,144.7,112,1,144.585296383999
"634",198.917,1.96575,540.2,20.00135,20.029,70,69.551,36.568,36.5693,140.5,131.7,112,1,135.907226279226
"635",206.3705,1.972,566.268,18.5488,18.319,89,88.425,36.441,36.4711,139.3,136.8,112,1,137.43224521297
"636",207.101,1.9424,592.25,17.3597,17.394,108,107.297,36.335,36.33115,141.7,141.7,112,1,138.801168054766
"637",279.6765,2.808,269.868,27.69605,26.533,15,14.906,36.341,36.27975,170.2,186,113,1,180.687724464295
"638",238.7155,2.3624,287.899,23.76465,23.328,24,23.849,36.535,36.4956,156.9,157.4,113,1,158.040752619833
"639",211.0375,2.1281,308.678,22.713,22.527,34,33.785,36.557,36.566,142.4,141.9,113,1,146.611732796184
"640",208.1975,2.08095,331.432,21.7961,21.862,45,44.714,36.529,36.53155,141,141.5,113,1,144.375064314019
"641",200.59,2.0009,352.338,20.8554,20.874,55,54.649,36.52,36.5225,137.6,136.2,113,1,138.140215989901
"642",193.0305,1.91425,383.104,19.5926,19.666,70,69.551,36.491,36.48915,131.3,131.9,113,1,131.193971648544
"643",284.006,2.8181,561.592,27.06205,27.672,15,14.906,36.308,36.3239,187.1,187.8,114,1,190.513809364519
"644",253.65,2.49485,581.137,24.4527,24.356,24,23.849,36.461,36.4646,156.7,165.3,114,1,162.530756074677
"645",283.2825,2.79965,965.411,26.63195,26.556,10,9.938,36.444,36.4352,190.6,192.1,115,1,190.986322030033
"646",372.219,3.55875,395.186,28.58455,28.906,3,2.981,36.276,33.9979,185.6,185,116,1,183.618400239685
"647",284.986,2.9324,463.744,29.8844,29.909,10,9.938,36.194,36.19915,194.3,194.8,117,1,194.336623892735
"648",285.0705,2.92115,496.701,29.6528,29.683,20,19.875,36.196,36.2055,193.4,194.8,117,1,194.28316432136
"649",273.94,2.77965,518.101,28.322,28.118,30,29.812,36.289,36.26555,105.6,185.1,117,1,170.613983691457
"650",240.704,2.33365,539.071,22.4518,22.323,40,39.748,36.566,36.563,161.2,161.9,117,1,159.399870964127
"651",288.8805,2.93875,762.472,29.3039,29.237,15,14.906,36.098,36.1047,196.5,196,118,1,197.233045847108
"652",286.685,2.9158,796.172,29.2418,29.119,30,29.812,36.164,36.17475,194.3,195.8,118,1,195.706182548473
"653",283.139,2.85815,830.141,28.54425,28.393,45,44.716,36.295,36.2726,193.1,192.6,118,1,193.57370639589
"654",274.1035,2.75135,867.031,27.6717,27.947,64,63.593,36.343,36.4079,190.7,189.6,118,1,186.172424491129
"655",259.34,2.5871,897.021,26.30655,26.905,85,84.455,36.528,36.61905,177.3,179.3,118,1,174.245342635978
"656",238.0125,2.35205,932.18,24.03705,24.015,110,109.288,36.927,36.95145,161,159.2,118,1,160.7122427938
"657",205.492,1.8363,1197.248,15.11495,15.014,315,312.806,35.97,35.9871,140.8,138.7,118,1,141.113160417899
"658",185.4255,1.6309,1319.706,12.1939,11.913,415,412.01,35.47,35.5186,127.7,125.5,118,1,125.560154222333
"659",255.0675,1.69075,2135.84,5.18265,5.187,1054,1044.806,34.932,34.92815,176.5,175.1,118,1,174.929706484554
"660",282.28,2.9117,370.156,29.9705,30.067,15,14.906,36.238,36.1962,193.2,193,120,1,192.472248062472
"661",282.2425,2.9096,390.102,29.97195,30.068,25,24.843,36.238,36.19655,193.4,193.2,120,1,192.083446175483
"662",282.7075,2.91265,408.159,30.00605,30.068,34,33.786,36.238,36.2154,192.8,193.1,120,1,192.053424543971
"663",282.675,2.9105,428.507,30.03955,30.092,44,43.722,36.255,36.2361,194.1,193.4,120,1,192.213547662773
"664",290.961,2.9517,461.063,29.47195,29.424,60,59.619,36.231,36.22065,198.8,199,120,1,197.738258228152
"665",288.013,2.88795,483.646,28.52345,28.381,75,74.521,36.255,36.2369,194.9,194,120,1,196.390727837589
"666",268.847,2.70105,511.801,27.6396,27.638,95,94.388,36.348,36.35715,182.5,182.4,120,1,180.994934964095
"667",286.019,2.9068,965.935,28.99805,29.012,15,14.904,36.218,36.2215,194.9,195.1,121,1,195.468060690597
"668",286.2215,2.9048,987.423,28.9868,28.997,25,24.839,36.218,36.2212,195.7,195.3,121,1,195.600972019854
"669",286.798,2.90515,1009.356,28.94325,28.964,35,34.774,36.219,36.228,196.7,195.5,121,1,195.832000973088
"670",287.157,2.90455,1031.26,28.92035,28.922,45,44.708,36.227,36.2323,196.9,196.3,121,1,195.971761194046
"671",292.3865,2.9348,1053.396,28.67505,28.644,55,54.641,36.242,36.2449,201.9,199.6,121,1,199.152137325141
"672",290.4465,2.89455,1069.285,28.12235,28.021,65,64.575,36.295,36.2853,192.4,194.8,121,1,197.196144162706
"673",277.8585,2.7717,1090.845,27.5445,27.274,80,79.473,36.395,36.3424,183.7,187.1,121,1,186.033388443302
"674",268.5505,2.67825,1106.42,26.99895,26.226,91,90.399,36.629,36.4753,173,172.1,121,1,173.546936384903
"675",222.062,2.16785,1189.206,21.96085,21.301,150,148.987,36.859,36.8887,155.1,155,121,1,147.675678981496
"676",235.535,2.1684,1259.099,19.23695,18.883,200,198.626,36.576,36.6362,155.5,154.9,121,1,157.510138583226
"677",287.7415,2.90265,799.075,28.6705,28.676,10,9.936,35.806,35.80795,196.3,196.6,122,1,196.408600649573
"678",287.297,2.90305,821.468,28.7549,28.797,20,19.871,36.099,36.0155,195,195.9,122,1,196.784967271161
"679",286.869,2.9002,843.894,28.78995,28.793,30,29.806,36.164,36.163,194.8,195.7,122,1,195.771400978056
"680",286.7425,2.90005,866.668,28.8391,28.843,40,39.74,36.235,36.24435,195.2,196,122,1,195.523008989788
"681",286.5525,2.8891,908.285,28.74065,28.749,60,59.607,36.231,36.24145,195.1,196.2,122,1,195.220388370109
"682",283.395,2.7975,935.13,27.07725,27.065,79,78.48,36.396,36.3115,192.7,192.5,122,1,191.361473604894
"683",277.6185,2.7338,947.694,26.5494,25.545,88,87.418,36.628,36.55955,172.1,174.9,122,1,176.458366632099
"684",236.469,2.29585,991.873,22.7,22.443,120,119.198,36.757,36.7631,154.8,155.4,122,1,156.854640727967
"685",202.064,1.9177,1044.752,17.98115,18.121,159,157.922,36.404,36.3912,137.4,138.3,122,1,137.282540242452
"686",286.245,2.9144,668.179,29.3587,29.327,10,9.935,35.633,35.62685,193.4,194.2,123,1,194.971943945276
"687",285.317,2.89695,698.817,29.1608,29.215,20,19.871,35.717,35.66165,192.4,193.8,123,1,194.744246357405
"688",286.7295,2.9058,726.065,29.142,29.086,30,29.805,35.713,35.71925,194.4,196.3,123,1,195.080772452546
"689",283.4915,2.8745,751.028,29.04175,29.034,39,38.746,35.808,35.79715,191,194,123,1,192.659433315955
"690",275.8365,2.8096,779.149,28.983,28.895,50,49.673,35.966,35.9132,184.3,186.8,123,1,186.339085525178
"691",268.957,2.7361,796.536,28.4563,28.356,60,59.606,36.092,36.07555,188.5,179,123,1,184.131272162626
"692",252.977,2.35995,824.161,21.04505,20.6,80,79.471,36.185,36.16455,161.5,154.7,123,1,159.639662217057
"693",207.0065,1.89655,852.123,15.78375,15.274,100,99.335,35.917,35.9155,130.8,133.6,123,1,135.991195437293
"694",276.263,2.84055,667.086,29.38685,29.373,9,8.942,36.05,36.05445,190.6,189,124,1,188.638964882634
"695",276.4545,2.83905,693.482,29.3869,29.381,20,19.871,36.05,36.05405,190.2,189,124,1,188.422285009726
"696",377.8035,3.60635,319.41,28.631,28.686,3,2.98,35.504,34.5723,151.6,153,127,1,156.211444292649
"697",286.0335,2.88545,541.987,28.5135,28.54,10,9.934,36,36.0037,194.6,195.4,129,1,195.50121521399
"698",282.142,2.8575,289.923,28.59625,28.594,10,9.934,36.023,36.0273,192.1,192.9,130,1,192.886754655858
"699",282.3985,2.8576,320.184,28.59885,28.598,20,19.868,36.023,36.02725,192.6,192.8,130,1,192.808647877156
"700",278.699,2.82335,696.824,28.4529,28.451,15,14.901,35.982,35.9866,190.7,190.4,131,1,190.043504687161
"701",278.5975,2.82005,733.144,28.45015,28.447,24,23.841,35.982,35.9858,190.7,190.2,131,1,189.815645438787
"702",277.91,2.81175,843.567,28.44785,28.448,34,33.774,35.982,35.9861,191.3,190.2,131,1,189.366557972186
"703",283.814,2.87,552.2,28.60205,28.602,10,9.934,35.904,35.9085,192,194,132,1,193.598320280367
"704",283.787,2.8666,585.228,28.6046,28.599,20,19.868,35.903,35.90825,196.3,194.1,132,1,194.15509294814
"705",285.179,2.89085,475.454,28.79655,28.794,10,9.934,36.048,36.05255,207.1,189.8,133,1,196.837479055515
"706",285.122,2.88745,510.802,28.7989,28.796,20,19.868,36.049,36.0522,195,194.6,133,1,194.880722163677
"707",285.177,2.8852,542.946,28.8021,28.796,30,29.802,36.049,36.0534,193.9,194.8,133,1,194.581634708597
"708",284.7935,2.8791,572.79,28.7914,28.709,40,39.735,36.057,36.0568,193.7,194.5,133,1,194.390776164794
"709",288.0565,2.8934,548.046,28.4905,28.493,3,2.98,35.403,35.40225,196.2,197,135,1,196.879066059516
"710",288.406,2.89405,589.738,28.5102,28.507,15,14.902,35.405,35.402,194.3,196.9,135,1,196.526384357434
"711",288.004,2.88875,612.041,28.5197,28.527,24,23.842,35.432,35.4162,196.9,196.9,135,1,196.617727570596
"712",297.615,2.9631,638.592,28.30465,28.23,35,34.769,36.063,36.05465,204,203.6,135,1,202.244910209788
"713",300.538,2.87225,660.786,25.35785,25.19,45,44.702,36.373,36.3593,203.1,203,135,1,199.089903360289
"714",293.565,2.7648,682.381,23.9621,23.683,55,54.634,36.407,36.41595,194.4,197,135,1,193.45561924065
"715",259.3235,2.4582,710.141,22.4024,22.305,68,67.545,36.468,36.4706,168.2,168.7,135,1,166.139796758811
"716",224.189,2.1814,831.053,21.6418,21.639,88,87.408,36.504,36.5208,156.9,148.5,135,1,150.934206095864
"717",288.152,2.89825,590.093,28.52925,28.524,3,2.98,35.543,35.5474,196.6,197.2,136,1,196.765914393713
"718",288.207,2.89725,646.479,28.539,28.529,10,9.935,35.542,35.5464,197,197.2,136,1,196.67918100375
"719",288.0545,2.89305,668.473,28.54145,28.535,20,19.869,35.542,35.54625,196.4,196.9,136,1,196.394908609726
"720",287.9075,2.8902,689.526,28.54535,28.522,30,29.803,35.543,35.54635,196.4,197.1,136,1,195.991969163296
"721",288.1475,2.8888,711.133,28.5394,28.436,40,39.736,35.632,35.5598,204.5,191.9,136,1,198.405522445925
"722",312.4855,2.9375,732.266,24.80725,25.133,50,49.668,36.303,36.302,206.9,210.3,136,1,208.468610976774
"723",305.0335,2.81055,752.09,23.0637,23.037,60,59.601,36.321,36.31765,202.1,201.5,136,1,202.059690359017
"724",237.1525,2.2441,774.606,20.86785,21.789,75,74.498,36.513,36.53625,157.5,165.4,136,1,164.639974218124
"725",194.4795,1.9227,804.22,19.62935,19.708,95,94.359,36.528,36.52985,131.8,132.9,136,1,131.729228940456
"726",195.927,1.8914,933.22,18.32265,18.334,128,127.127,36.447,36.4336,135,134.4,136,1,132.931596362795
"727",286.369,2.884,204.695,28.5305,28.535,3,2.98,35.501,35.50315,197,196.5,137,1,195.749536805597
"728",287.825,2.89395,278.702,28.55555,28.532,15,14.902,35.501,35.55795,196.3,196.5,137,1,195.606718493363
"729",287.7295,2.88955,300.229,28.5337,28.527,25,24.836,35.564,35.5634,198.1,196.4,137,1,196.297596919413
"730",287.9435,2.88835,322.211,28.52835,28.29,35,34.769,35.712,35.57205,200.6,191.6,137,1,199.103622856017
"731",297.596,2.90145,344.742,26.86635,25.65,45,44.703,36.245,36.05315,203.7,203,137,1,201.272236270821
"732",306.857,2.8419,367.132,23.4759,23.447,55,54.635,36.312,36.31005,206.3,206.3,137,1,203.660200895953
"733",243.218,2.31425,391.394,21.6568,21.609,70,69.533,36.533,36.5242,161,159.6,137,1,160.833157917114
"734",200.0085,1.9612,418.128,19.69385,19.76,90,89.395,36.519,36.54165,135.7,137.4,137,1,135.389477793792
"735",200.535,1.9279,445.211,18.39205,18.399,110,109.256,36.465,36.4696,137.2,137.5,137,1,134.963813041382
"736",288.061,2.8952,486.442,28.53105,28.534,3,2.98,35.374,35.37815,196,196.8,138,1,196.727043000735
"737",288.3535,2.89575,508.326,28.5318,28.53,10,9.935,35.376,35.37785,197,197,138,1,196.861720600593
"738",288.339,2.8929,529.077,28.5336,28.531,20,19.869,35.378,35.3775,196.1,196.9,138,1,196.588729803733
"739",288.227,2.8902,547.772,28.5379,28.514,29,28.81,35.402,35.3879,199.5,196.9,138,1,196.852009795325
"740",299.267,2.9127,570.671,26.63585,26.578,40,39.737,36.266,36.26365,205.8,206.8,138,1,201.045952455251
"741",306.604,2.9042,591.461,25.05945,25.086,50,49.669,36.33,36.33355,205.2,204,138,1,203.280014405626
"742",204.733,2.0139,637.416,20.44405,20.374,80,79.465,36.516,36.52225,137.8,137.9,138,1,137.949345067772
"743",189.2065,1.85525,672.566,18.4933,18.406,105,104.292,36.426,36.4393,128.6,129,138,1,127.737965562711
"744",192.003,1.79935,743.238,15.88155,15.87,155,153.936,36.106,36.1091,130.7,129.6,138,1,130.802411697948
"745",287.145,2.8811,300.574,28.2808,28.295,3,2.98,35.516,35.52455,194.2,196.5,139,1,195.598579473065
"746",287.4425,2.88015,337.059,28.29295,28.289,15,14.902,35.528,35.527,195.5,196.4,139,1,195.969430880268
"747",287.2805,2.8773,357.451,28.3002,28.319,25,24.836,35.582,35.53005,196.3,196.2,139,1,196.251280936284
"748",292.578,2.9187,377.582,28.09235,28.149,35,34.77,36.223,36.30925,198.2,200.7,139,1,198.824149907622
"749",301.101,2.80795,419.137,23.65525,23.128,55,54.636,36.399,36.36445,186.7,195.6,139,1,194.039695168385
"750",267.6505,2.518,440.052,22.38415,22.345,65,64.568,36.58,36.55105,169.9,169.1,139,1,170.012162504665
"751",191.857,1.8691,515.588,18.44765,18.33,120,119.187,36.468,36.4829,140.7,141.3,139,1,131.628148905384
"752",208.281,1.92625,562.84,16.80455,16.806,155,153.937,36.265,36.26645,141.5,141.4,139,1,140.894700113834
"753",187.9315,1.74365,636.619,15.0184,14.872,210,208.532,35.948,35.97185,127.4,127.6,139,1,128.695481226065
"754",286.9655,2.87745,388.049,28.04995,27.983,5,4.968,35.997,36.0866,195.4,196.2,140,1,195.375939748215
"755",286.69,2.87435,405.998,28.0501,27.981,9,8.941,35.997,36.0857,195.8,196.3,140,1,195.1679676939
"756",286.9405,2.87505,428.75,28.0716,28.044,20,19.869,36.045,36.1026,196.3,196,140,1,195.394524531955
"757",286.9335,2.87325,449.523,28.0996,28.1,30,29.804,36.107,36.1252,196.6,195.9,140,1,195.744906745938
"758",293.3875,2.8993,470.797,27.4308,27.346,40,39.737,36.349,36.3427,201.7,201,140,1,199.038962618447
"759",298.2955,2.8737,493.111,25.79,25.331,50,49.67,36.584,36.55685,194.6,197.6,140,1,196.917249929168
"760",219.6595,2.14955,544.045,21.5583,21.445,85,84.432,36.739,36.73745,145,147.3,140,1,146.952568704855
"761",198.0055,1.91795,592.072,18.7431,18.733,120,119.188,36.505,36.50765,133.2,132.9,140,1,133.331793581238
"762",222.633,2.0518,633.561,17.794,17.822,150,148.974,36.429,36.4231,147.5,150.8,140,1,147.908037762972
"763",193.6565,1.7988,702.416,15.74815,15.807,200,198.609,36.095,36.08105,127.8,129,140,1,133.096315946139
"764",168.118,1.5638,807.29,12.8728,12.904,300,297.84,35.638,35.6315,115,114.8,140,1,114.238195380337
"765",235.4105,1.6383,1532.824,5.57635,5.567,900,892.235,34.919,34.91915,160.4,161.6,140,1,162.379943270451
"766",255.036,1.68345,1795.712,5.13595,5.136,1096,1086.036,34.933,34.9337,175.2,175,140,1,172.049909319421
"767",289.0125,2.87965,501.816,27.8364,27.901,4,3.974,35.606,35.6208,199.5,198.1,141,1,196.722678889582
"768",288.894,2.87625,546.272,27.8512,27.895,15,14.902,35.606,35.6397,201.6,193.3,141,1,196.54873552537
"769",286.6825,2.87935,575.352,28.3474,28.175,29,28.81,35.865,36.0103,200.4,191.6,141,1,194.569313133042
"770",246.509,2.38015,665.33,22.87045,23.335,80,79.467,36.653,36.58525,169.9,167.3,141,1,166.54694310932
"771",214.3775,2.0597,729.896,19.88525,19.651,125,124.153,36.629,36.6794,142.5,144.4,141,1,141.566429942987
"772",173.6245,1.47495,1188.548,8.76985,8.809,524,519.95,35.054,35.0522,118.7,118.7,141,1,117.733166434536
"773",304.6325,1.5831,4167.221,4.37685,4.376,3050,3008.492,34.976,34.97465,215.5,215.3,141,1,217.220515600087
