raw_oxygen,ctdtmp,ctdprs,ctdsal,oxygen,ctdoxy,Station,latitude,longitude,cruise
261.617,15.3085,4.717,32.0703,259.5,266.2,1,41.30982,-70.51256,ECOA 2015
261.721,14.4491,10.382,32.1068,248.3,259.4,1,41.30966,-70.51315,ECOA 2015
296.093,13.5506,2.8,32.4897,275.2,300,2,41.001,-70.39566,ECOA 2015
309.839,10.7138,11.981,32.6132,238.9,307,2,41.00116,-70.396,ECOA 2015
303.311,9.8752,19.816,32.7021,279.3,295.3,2,41.00132,-70.39632,ECOA 2015
302.471,9.8523,37.209,32.7064,280.5,297.6,2,41.0015,-70.397,ECOA 2015
336.618,9.2843,19.034,32.7807,325.8,325.4,3,40.7527,-70.3179,ECOA 2015
326.435,9.1001,22.695,32.7869,319.9,317.4,3,40.75358,-70.31846,ECOA 2015
287.956,15.5078,8.691,33.0422,285.7,287.6,4,40.50666,-70.23566,ECOA 2015
316.304,13.7102,16.785,33.006100000000004,292.3,312.2,4,40.50682,-70.23504,ECOA 2015
341.234,8.5163,23.516,33.0444,324.2,332.9,4,40.50716,-70.23466,ECOA 2015
338.61,8.7061,32.976,33.1992,307.8,327.4,4,40.50732,-70.23442,ECOA 2015
301.576,7.5405,40.024,33.0933,281.6,291.9,4,40.5075,-70.23416,ECOA 2015
287.812,15.6345,2.13,33.2496,270.7,276.4,5,40.14681,-70.11632,ECOA 2015
249.535,19.2204,11.346,34.7744,220.9,241.6,5,40.14677,-70.115710000000007,ECOA 2015
275.131,9.7226,42.102,33.786,239.9,276.1,5,40.14701,-70.11303,ECOA 2015
269.775,8.1414,49.314,33.3227,300.2,307.1,5,40.14668,-70.11164,ECOA 2015
233.903,13.5378,105.052,35.4726,43.9,233.6,5,40.14588,-70.11,ECOA 2015
221.982,22.8921,2.405,36.1753,200.5,217.8,6,39.91282,-70.00049,ECOA 2015
225.361,22.8474,21.334,36.1629,199.1,218.1,6,39.91316,-70.00035,ECOA 2015
281.511,14.0989,53.892,35.3185,221.9,249.1,6,39.91368,-70.00038,ECOA 2015
203.316,12.6794,138.64,35.5978,173.2,183.8,6,39.91432,-70.00036,ECOA 2015
180.035,12.4769,181.273,35.6435,161.4,202.7,6,39.9149,-70.0006,ECOA 2015
212.905,12.0915,216.215,35.6002,170.7,188.8,6,39.91551,-70.00052,ECOA 2015
147.742,9.1108,284.347,35.2098,134.3,147.8,6,39.91619,-70.00079,ECOA 2015
200.967,6.396,383.467,35.0716,165.4,197.8,6,39.91706,-70.00074,ECOA 2015
215.498,24.5221,2.937,35.8646,231.7,214.2,7,39.6725,-69.8445,ECOA 2015
249.723,17.7353,44.618,36.1028,209.5,233.5,7,39.67232,-69.8444,ECOA 2015
197.088,15.7417,86.048,36.0519,167.2,182.5,7,39.67232,-69.84466,ECOA 2015
247.942,12.7289,210.049,35.7246,197.6,221.1,7,39.67232,-69.84466,ECOA 2015
300.089,11.2649,2.534,32.3632,268.3,295.3,9,41.2305,-69.2855,ECOA 2015
306.692,9.0628,9.84,32.4472,257.8,298.9,9,41.23016,-69.28532,ECOA 2015
309.613,6.8695,15.364,32.5758,272.6,302.3,9,41.22966,-69.28516,ECOA 2015
310.512,6.4145,24.435,32.5979,269.4,302.5,9,41.22916,-69.28516,ECOA 2015
310.969,6.1244,39.173,32.6161,268,303.1,9,41.22866,-69.285,ECOA 2015
287.589,14.0472,3.654,32.6261,254.3,283.3,10,41.99964,-69.59266,ECOA 2015
289.89,13.4356,14.244,32.8362,252.5,291,10,42.00033,-69.59246,ECOA 2015
302.919,11.8678,21.588,32.9109,269.2,304.9,10,42.00066,-69.59232,ECOA 2015
335.62,7.7277,35.123,33.093,271.3,328.6,10,42.001,-69.59232,ECOA 2015
289.432,5.3394,80.672,33.3881,259.3,283.4,10,42.00182,-69.592,ECOA 2015
287.151,5.5682,146.536,33.6092,121.6,280.7,10,42.0025,-69.59132,ECOA 2015
289.951,13.4773,3.329,31.6687,256.5,285.5,11,42.602,-70.054,ECOA 2015
307.39,10.2593,11.503,32.1977,266.4,312.8,11,42.60216,-70.054,ECOA 2015
328.108,7.4504,17.277,32.129,273.7,318.4,11,42.60216,-70.054,ECOA 2015
317.809,5.5704,37.781,32.5099,272.1,307.3,11,42.60216,-70.05416,ECOA 2015
311.962,5.3414,50.129,32.7349,274.6,303.3,11,42.60232,-70.05416,ECOA 2015
299.626,4.4692,70.412,32.8036,266,290.1,11,42.60232,-70.05416,ECOA 2015
305.112,12.5353,3.168,31.1484,257,302.1,12,42.71,-70.5505,ECOA 2015
336.96,9.483,8.798,31.6949,289.3,332.2,12,42.71016,-70.5505,ECOA 2015
333.103,9.1323,15.173,32.0543,316.3,313.8,12,42.7105,-70.55032,ECOA 2015
315.944,7.4014,21.562,32.1403,250.1,307.4,12,42.71066,-70.55032,ECOA 2015
329.481,4.8248,48.001,32.2196,276,319.9,12,42.71082,-70.55016,ECOA 2015
302.622,14.2362,2.7,30.247,269,300.4,13,42.814,-70.652,ECOA 2015
339.611,8.4055,13.996,31.7622,285.9,331.6,13,42.81432,-70.652,ECOA 2015
315.201,6.5751,26.754,32.0092,272.3,311.5,13,42.8145,-70.65216,ECOA 2015
315.094,6.1669,30.142,32.042,265.9,306.1,13,42.81466,-70.65232,ECOA 2015
321.893,4.9118,43.891,32.1556,256.8,313,13,42.815,-70.65248,ECOA 2015
320.452,4.855,61.022,32.3611,264.8,310.8,13,42.81532,-70.65248,ECOA 2015
293.778,13.7151,2.831,31.1449,248.6,292.2,14,43.01931,-70.52747,ECOA 2015
322.943,9.809,7.951,31.6662,322.7,320.7,14,43.01932,-70.52748,ECOA 2015
325.794,8.5273,15.093,31.7567,321.5,319.3,14,43.01932,-70.52782,ECOA 2015
321.474,7.9987,20.032,31.7956,296.5,312.1,14,43.0195,-70.52816,ECOA 2015
307.373,11.7562,2.568,31.5054,266.6,306.7,15,42.9775,-70.42632,ECOA 2015
338.898,7.7102,12.17,31.7963,273.6,328.8,15,42.97782,-70.42616,ECOA 2015
314.201,7.0625,18.359,31.972,252.7,303,15,42.978,-70.426,ECOA 2015
317.645,5.9827,34.471,31.9909,282.2,307.8,15,42.9785,-70.42566,ECOA 2015
292.056,13.0027,2.891,31.3505,258.5,291.6,16,42.9433,-70.29761,ECOA 2015
333.403,7.6742,18.786,31.971800000000002,294,338.5,16,42.94324,-70.29738,ECOA 2015
325.074,6.5823,22.294,31.9884,281.6,321.1,16,42.94318,-70.29724,ECOA 2015
319.12,5.1341,30.656,32.0297,276.8,309.4,16,42.94313,-70.29699,ECOA 2015
311.722,4.9785,43.695,32.2388,259.2,300.4,16,42.94303,-70.29663,ECOA 2015
317.597,4.6316,51.084,32.2874,265.6,307.4,16,42.94304,-70.29636,ECOA 2015
298.921,12.7551,2.594,31.0695,269.7,294.9,17,42.90416,-70.1495,ECOA 2015
305.614,11.6679,7.228,31.5275,274.5,305.4,17,42.904,-70.14932,ECOA 2015
328.963,9.225,19.686,32.0115,292.5,325.4,17,42.904,-70.14916,ECOA 2015
339.164,8.1652,23.716,31.8959,257.6,335.1,17,42.90382,-70.14882,ECOA 2015
311.932,5.6448,32.2,32.1786,276.6,299.7,17,42.90366,-70.1485,ECOA 2015
278.457,13.349,2.832,31.9787,243.6,292.2,19,42.7645,-69.63966,ECOA 2015
323.504,11.8168,16.331,32.2813,272.9,321.8,19,42.76416,-69.63966,ECOA 2015
309.262,4.8738,39.797,32.7257,302.7,311.7,19,42.7635,-69.64,ECOA 2015
303.771,4.2389,67.648,32.8206,302.7,307.1,19,42.76282,-69.64016,ECOA 2015
298.796,4.5998,122.047,33.0845,277.6,298,19,42.762,-69.6405,ECOA 2015
283.773,5.6086,180.125,33.5542,261.8,286.8,19,42.76132,-69.64066,ECOA 2015
251.456,6.2662,250.433,33.8096,227.6,257.6,19,42.75882,-69.64082,ECOA 2015
320.021,12.5148,2.834,31.3188,320.2,315.4,20,43.21266,-69.91567,ECOA 2015
354.998,10.7209,12.219,31.789,350.8,343.6,20,43.21305,-69.91585,ECOA 2015
315.527,7.5693,26.03,32.584,308.8,304.3,20,43.21362,-69.91614,ECOA 2015
307.822,5.2061,42.662,32.5561,299.5,298.9,20,43.2139,-69.91616,ECOA 2015
288.589,4.5199,91.287,32.7685,284.4,280.8,20,43.2148,-69.91577,ECOA 2015
288.589,4.5169,91.473,32.7657,289.4,281,20,43.21476,-69.91578,ECOA 2015
293.574,4.3876,148.316,33.0176,287,285.4,20,43.2153,-69.91564,ECOA 2015
308.037,12.7557,2.537,31.2757,310.4,307.8,21,43.50573,-69.92896,ECOA 2015
337.277,7.5582,11.346,31.8778,356.5,355.2,21,43.50651,-69.92982,ECOA 2015
346.87,5.9391,20.343,32.0087,314,309.4,21,43.50681,-69.93019,ECOA 2015
318.251,5.7904,24.962,32.0391,305.8,303.8,21,43.507,-69.93032,ECOA 2015
308.468,5.5976,37.171,32.131100000000004,291.9,298.5,21,43.50731,-69.93052,ECOA 2015
305.157,5.7121,59.418,32.283,297.6,294.1,21,43.508,-69.93082,ECOA 2015
296.661,5.3056,86.855,32.4201,288.5,288.5,21,43.50883,-69.93178,ECOA 2015
361.041,8.5944,3.875,31.7797,339,346.9,22,43.57231,-69.50569,ECOA 2015
353.998,7.3329,6.477,31.9053,362.2,326.4,22,43.57233,-69.5055,ECOA 2015
307.902,6.199,25.96,32.0428,304.8,298.9,22,43.57267,-69.50447,ECOA 2015
300.301,5.7396,56.283,32.3166,296.5,291.9,22,43.57299,-69.50365,ECOA 2015
296.916,5.2282,70.214,32.4325,290.1,287.8,22,43.57334,-69.50301,ECOA 2015
338.779,10.7964,2.543,31.3413,348.9,335.5,23,43.7255,-69.37332,ECOA 2015
345.725,9.4078,6.086,31.5025,349,345.3,23,43.72532,-69.373,ECOA 2015
348.92,7.1176,15.578,31.8241,321.3,312.5,23,43.72532,-69.37182,ECOA 2015
316.519,6.8811,22.932,31.8525,310.4,305.7,23,43.72516,-69.371,ECOA 2015
311.873,6.5287,32.127,31.9406,305.8,301,23,43.72516,-69.37016,ECOA 2015
303.945,6.1099,48.779,32.0496,299.7,296.3,23,43.725,-69.3695,ECOA 2015
296.25,5.4914,81.842,32.2279,292.6,287.7,23,43.725,-69.36882,ECOA 2015
316.724,8.5279,13.334,31.8686,313.8,308.5,24,43.72432,-68.83482,ECOA 2015
314.701,7.1488,20.816,32.1379,311.6,304.2,24,43.7245,-68.83482,ECOA 2015
304.342,6.5628,32.054,32.2591,299.1,294.2,24,43.72466,-68.83466,ECOA 2015
294.355,6.1225,64.539,32.3844,288.8,286.7,24,43.725,-68.83432,ECOA 2015
303.688,6.9527,3.236,32.0324,301.7,294.6,25,44.10216,-68.10416,ECOA 2015
300.6,6.8026,13.603,32.0975,299.6,294.7,25,44.10216,-68.10382,ECOA 2015
297.814,6.9166,41.049,32.1903,296.8,291.2,25,44.10216,-68.10316,ECOA 2015
292.729,6.8448,60.792,32.2917,293.3,286.8,25,44.10216,-68.10271,ECOA 2015
306.087,9.1513,19.136,32.2563,305.1,298.6,26,44.30866,-67.38482,ECOA 2015
301.969,8.7637,29.943,32.3262,299.5,292.5,26,44.30882,-67.38416,ECOA 2015
289.96,7.7416,57.627,32.4503,293.7,287.7,26,44.30916,-67.3835,ECOA 2015
276.135,6.81,103.921,32.9263,272.9,264.1,26,44.30932,-67.38282,ECOA 2015
214.861,7.5137,131.983,33.9993,212.7,208,26,44.3095,-67.3825,ECOA 2015
314.9,7.0443,3.027,31.8002,308.2,301.6,27,44.47216,-66.43032,ECOA 2015
307.892,7.012,6.776,31.8605,304.5,299,27,44.47197,-66.43032,ECOA 2015
303.566,6.9227,15.704,31.9894,303.7,297.1,27,44.47169,-66.43037,ECOA 2015
305.954,7.2373,24.565,32.1941,300.5,296.1,27,44.4715,-66.43048,ECOA 2015
296.757,6.4929,36.021,32.3669,288.6,284.3,27,44.47131,-66.43047,ECOA 2015
284.613,6.3494,78.695,32.5959,283.4,276.5,27,44.47115,-66.43034,ECOA 2015
259.758,6.6022,130.453,33.1359,258.6,254.7,27,44.47089,-66.43025,ECOA 2015
340.836,9.9762,2.799,31.4434,341.7,337.7,28,44.944,-66.36532,ECOA 2015
344.378,9.5388,10.734,31.6587,340.4,338,28,44.94382,-66.36532,ECOA 2015
331.546,8.3583,19.075,31.9244,326.3,327.9,28,44.944,-66.3655,ECOA 2015
306.226,7.4165,24.334,32.247,299.7,296.5,28,44.94416,-66.36566,ECOA 2015
293.256,7.0569,35.635,32.3827,290.4,286.5,28,44.94416,-66.36566,ECOA 2015
288.21,6.573,71.913,32.5279,285.7,280.8,28,44.94432,-66.36598,ECOA 2015
320.614,7.8015,2.518,31.1235,315,310,29,44.87082,-66.65099,ECOA 2015
313.597,7.1944,10.789,31.6195,312.4,306.6,29,44.87106,-66.6504,ECOA 2015
310.1,6.6643,24.829,31.8808,309.1,302.7,29,44.87133,-66.64965,ECOA 2015
306.828,6.1758,55.554,32.1822,297.1,294.3,29,44.87181,-66.64865,ECOA 2015
297.525,5.9869,66.878,32.2739,294.8,289.6,29,44.87207,-66.64799,ECOA 2015
300.031,8.1629,2.253,32.2709,298.4,291.1,30,44.1415,-66.60916,ECOA 2015
297.766,8.1555,10.658,32.2686,298.5,291.1,30,44.1415,-66.60932,ECOA 2015
298.202,8.0213,49.286,32.2879,297,290.2,30,44.142,-66.60982,ECOA 2015
295.529,7.8218,62.421,32.3407,342.2,288.4,30,44.14216,-66.61016,ECOA 2015
289.145,7.3969,68.41,32.498,291.1,282.9,30,44.14216,-66.61066,ECOA 2015
300.514,8.1038,2.973,31.9475,302.3,294.9,31,43.81932,-66.51882,ECOA 2015
301.206,8.0782,9.969,31.9533,302,294.3,31,43.81966,-66.51898,ECOA 2015
300.176,7.9144,22.37,32.0302,303.8,293.1,31,43.81982,-66.51898,ECOA 2015
296.112,7.5853,49.094,32.2168,296.6,288,31,43.82016,-66.51898,ECOA 2015
292.744,7.4813,59.2,32.2657,291.4,285.9,31,43.82032,-66.51898,ECOA 2015
301.14,8.7173,2.503,31.5318,301.5,295.5,32,43.31779,-66.24078,ECOA 2015
300.915,8.5424,7.281,31.5497,302.2,295.4,32,43.31715,-66.24031,ECOA 2015
303.944,7.3048,10.677,31.8001,301.4,295.1,32,43.31611,-66.23964,ECOA 2015
301.839,7.0848,16.842,31.9018,304.6,293.1,32,43.31468,-66.23868,ECOA 2015
298.76,6.9542,31.875,31.9947,299,291.8,32,43.3136,-66.238,ECOA 2015
307.101,9.3611,2.978,31.2305,307.1,301.5,33,43.29816,-65.549,ECOA 2015
307.074,8.8915,11.369,31.271,308.9,302.7,33,43.298,-65.54916,ECOA 2015
313.357,6.9109,19.42,31.4555,313,306.8,33,43.29766,-65.5495,ECOA 2015
315.581,5.8001,22.668,31.5626,314.7,307.8,33,43.29736,-65.54982,ECOA 2015
317.32,4.8384,40.302,31.6758,316.1,308.1,33,43.29715,-65.55015,ECOA 2015
293.044,11.1039,2.253,30.9215,289.1,288.6,34,43.85932,-64.11048,ECOA 2015
300.718,9.3531,11.915,30.9903,305.1,305.3,34,43.8595,-64.11066,ECOA 2015
361.086,2.5317,24.175,31.4394,365.9,356.9,34,43.85966,-64.111,ECOA 2015
361.665,1.7383,32.383,31.546,356.9,346.5,34,43.85982,-64.11116,ECOA 2015
342.785,1.2142,43.822,31.7968,330.3,324.2,34,43.86016,-64.11132,ECOA 2015
311.303,1.2884,66.732,32.115,305,296.6,34,43.86032,-64.1115,ECOA 2015
208.095,6.3889,106.489,33.642,197.2,194.5,34,43.86066,-64.1115,ECOA 2015
173.108,8.0037,121.085,34.1479,170.4,167.5,34,43.861,-64.1115,ECOA 2015
292.388,11.3776,3.908,30.7249,293.7,289.2,35,44.3985,-63.45732,ECOA 2015
296.1,10.6471,9.705,30.7268,298.4,294.7,35,44.39832,-63.45732,ECOA 2015
345.119,6.858,19.132,30.9794,339.5,329.1,35,44.39832,-63.4575,ECOA 2015
354.471,1.6884,34.108,31.4116,354.7,351.9,35,44.39832,-63.45766,ECOA 2015
360.441,1.1751,43.892,31.5396,346.2,331.1,35,44.39832,-63.45766,ECOA 2015
340.972,1.1103,47.746,31.6263,332.6,321.2,35,44.39832,-63.45782,ECOA 2015
321.241,0.9373,82.972,31.846,311,304.8,35,44.3985,-63.458,ECOA 2015
281.772,12.8019,1.867,30.9444,281.1,276.8,36,43.8855,-62.872,ECOA 2015
358.085,3.8897,27.417,31.8944,353,343.6,36,43.88516,-62.87216,ECOA 2015
325.773,3.2547,40.185,32.2894,314.5,305.7,36,43.88466,-62.87232,ECOA 2015
176.252,7.8239,77.175,34.007,175.2,172.9,36,43.884,-62.87282,ECOA 2015
159.11,8.9448,87.642,34.4196,158.3,155.7,36,43.88366,-62.873,ECOA 2015
152.345,10.3323,112.877,34.9207,153.4,150.3,36,43.88316,-62.87316,ECOA 2015
144.037,10.6535,197.714,35.2501,144.1,144.6,36,43.88232,-62.8735,ECOA 2015
292.401,11.2003,3.298,30.984,295.4,289.2,37,43.48603,-62.43278,ECOA 2015
329.132,6.2862,18.331,31.3253,328.3,315.4,37,43.48632,-62.4335,ECOA 2015
329.265,3.983,23.821,31.6842,323.7,316.6,37,43.48632,-62.43382,ECOA 2015
304.083,3.099,38.594,32.2855,303.4,283.4,37,43.48616,-62.43382,ECOA 2015
282.231,3.3823,45.781,32.4611,279.4,272.4,37,43.486,-62.434,ECOA 2015
288.291,11.6143,4.88,32.4616,289.7,284.7,38,42.9985,-61.87482,ECOA 2015
290.179,11.2862,17.414,32.4796,293,288.4,38,42.99832,-61.875,ECOA 2015
309.003,8.8369,37.39,32.9931,307.8,302.1,38,42.998,-61.8755,ECOA 2015
223.948,9.5267,58.982,34.3289,237.5,226.3,38,42.998,-61.876,ECOA 2015
220.129,9.8358,72.429,34.4946,221.5,217.6,38,42.9975,-61.87666,ECOA 2015
200.192,12.3933,96.164,35.4793,203.2,199.2,38,42.99732,-61.87716,ECOA 2015
181.221,12.0229,130.768,35.5485,188.5,184.1,38,42.997,-61.8775,ECOA 2015
290.158,11.2712,13.685,32.4534,290.5,288.4,39,42.94066,-61.82166,ECOA 2015
291.912,11.1384,18.213,32.4572,296.5,289.5,39,42.94066,-61.82174,ECOA 2015
284.446,8.1183,38.847,33.5143,277.1,270.9,39,42.9405,-61.82182,ECOA 2015
206.831,10.7849,95.637,34.8966,207,203.2,39,42.9395,-61.82166,ECOA 2015
190.219,12.2838,179.399,35.5803,191.3,188.1,39,42.93932,-61.82232,ECOA 2015
148.722,8.9094,231.95,35.1913,144.5,146.3,39,42.93906,-61.82332,ECOA 2015
168.909,7.5013,297.643,35.1065,169.9,166.7,39,42.939,-61.824,ECOA 2015
284.194,12.0563,3.06,32.3296,286.7,281.4,40,42.83282,-61.7185,ECOA 2015
308.072,8.3312,25.676,33.1657,304.9,297.3,40,42.8325,-61.7185,ECOA 2015
280.004,8.6276,39.344,33.8271,277.8,252.4,40,42.83232,-61.71882,ECOA 2015
222.973,10.1454,74.278,34.6369,215.7,211.2,40,42.83216,-61.71932,ECOA 2015
201.535,11.9036,116.887,35.2992,205.6,199.6,40,42.832,-61.71982,ECOA 2015
196.083,12.1788,161.661,35.4792,199,193.8,40,42.83182,-61.72032,ECOA 2015
182.777,12.0574,197.312,35.5296,190.5,186.7,40,42.83182,-61.721,ECOA 2015
145.711,9.6742,244.77,35.2686,152.5,149.6,40,42.83182,-61.72133,ECOA 2015
167.901,7.7341,289.546,35.1171,165.5,163.6,40,42.83166,-61.72166,ECOA 2015
173.342,7.2946,324.405,35.0957,173.4,171.3,40,42.8315,-61.72216,ECOA 2015
189.345,6.7142,371.359,35.0658,188.2,184.9,40,42.83132,-61.7225,ECOA 2015
214.321,5.7516,480.032,35.022,214.8,211.4,40,42.83116,-61.72316,ECOA 2015
231.005,5.2113,601.551,34.9997,235.2,228.4,40,42.831,-61.724,ECOA 2015
289.701,11.5758,3.182,31.0295,291.7,286.8,41,42.30516,-65.92332,ECOA 2015
293.025,11.2498,22.181,31.1008,295.9,289.9,41,42.30553,-65.92362,ECOA 2015
338.422,4.2644,34.23,31.5554,334.7,328.1,41,42.30596,-65.92416,ECOA 2015
331.894,3.215,40.013,31.8253,314.4,320.6,41,42.30632,-65.9245,ECOA 2015
302.677,7.8991,50.163,32.9187,292.4,283.3,41,42.30666,-65.925,ECOA 2015
292.563,4.3628,55.743,32.5023,293.3,288.2,41,42.30683,-65.92524,ECOA 2015
272.196,5.3633,74.254,33.0138,268.4,262.7,41,42.30732,-65.92582,ECOA 2015
221.06,10.0819,116.18,34.5509,224.5,219.6,41,42.30766,-65.92647,ECOA 2015
197.735,10.5082,147.975,35.0471,203.5,196.5,41,42.30794,-65.92688,ECOA 2015
182.019,10.9709,182.54,35.3495,185.9,180.9,41,42.30834,-65.92735,ECOA 2015
252.261,16.905,3.54,32.4132,253.8,248.6,42,41.252,-71.44397,ECOA 2015
252.103,16.8904,8.099,32.4133,253.3,248.2,42,41.25199,-71.44403,ECOA 2015
250.11,16.6636,12.647,32.408,249.1,246.8,42,41.25211,-71.44417,ECOA 2015
240.178,16.0762,19.304,32.3754,243.2,238.7,42,41.25216,-71.44432,ECOA 2015
228.553,15.7855,23.141,32.3936,242.7,229.9,42,41.25216,-71.4445,ECOA 2015
248.53,16.7344,2.787,29.9425,248.4,245.6,43,41.20626,-72.22297,ECOA 2015
244.778,16.5371,9.57,30.2546,243.7,240.9,43,41.2065,-72.22148,ECOA 2015
243.628,16.5184,14.79,30.2767,243,240.7,43,41.20666,-72.22048,ECOA 2015
241.357,16.4613,20,30.3484,242.1,239.7,43,41.20666,-72.21982,ECOA 2015
241.393,16.4333,30.317,30.402,241.9,239.1,43,41.20682,-72.219,ECOA 2015
249.661,17.3102,2.585,28.0619,250.3,248.5,44,41.1675,-72.56682,ECOA 2015
248.767,17.2619,5.637,28.2961,248.7,246.3,44,41.1675,-72.56682,ECOA 2015
247.456,17.2454,8.26,28.3485,247.3,245.8,44,41.1675,-72.567,ECOA 2015
246.949,17.1892,13.393,28.4117,246.8,245.3,44,41.16766,-72.56732,ECOA 2015
254.821,18.1698,2.617,27.6915,255.6,258.1,45,41.14216,-72.758,ECOA 2015
252.932,18.1639,9.232,27.9022,250.5,250.7,45,41.14198,-72.75832,ECOA 2015
239.829,17.5489,15.688,27.968,228.3,239.5,45,41.14182,-72.759,ECOA 2015
216.428,16.1351,21.239,28.0668,208.2,214.5,45,41.14166,-72.7595,ECOA 2015
240.097,18.6735,2.674,33.0917,243,240,46,40.96832,-71.53582,ECOA 2015
240.19,18.6801,10.468,33.1016,244.2,240.2,46,40.96832,-71.53516,ECOA 2015
244.563,18.2921,14.969,33.0438,247.2,243.8,46,40.96816,-71.53482,ECOA 2015
290.601,13.4559,20.784,32.7836,283.8,291.6,46,40.96798,-71.53416,ECOA 2015
313.549,11.7029,24.756,33.1068,312,309.6,46,40.96782,-71.53398,ECOA 2015
317.449,10.0325,27.827,33.1196,323,314.5,46,40.96766,-71.53366,ECOA 2015
261.915,8.2053,38.161,33.0996,259.4,255.8,46,40.96716,-71.53282,ECOA 2015
259.938,8.2046,45.551,33.103,255.4,255.4,46,40.967,-71.53266,ECOA 2015
244.42,19.7583,2.525,30.6191,248.2,245.3,47,40.37403,-73.87646,ECOA 2015
237.798,19.5873,5.897,30.9548,237.9,240.7,47,40.37429,-73.87618,ECOA 2015
194.744,17.5369,11.808,31.2278,224,223.7,47,40.37436,-73.87596,ECOA 2015
200.047,14.0059,17.171,31.654,196.5,188.9,47,40.3744,-73.87594,ECOA 2015
200.506,11.628,18.156,31.9931,204.1,197.6,47,40.37447,-73.87586,ECOA 2015
247.154,19.2705,2.894,31.1114,246.6,243.8,48,40.28516,-73.74516,ECOA 2015
237.081,18.5805,6.301,31.2356,236.1,238.3,48,40.285,-73.745,ECOA 2015
231.697,16.5193,7.912,31.4455,228.4,225.3,48,40.28482,-73.74482,ECOA 2015
205.468,12.1566,12.221,31.8783,172.9,201.6,48,40.28482,-73.7445,ECOA 2015
202.078,12.0425,17.541,31.9,201.6,199.8,48,40.28466,-73.74432,ECOA 2015
240.402,19.4638,2.771,31.2763,244,238.5,49,40.1865,-73.63432,ECOA 2015
219.679,19.045,5.248,31.3575,242.5,236.5,49,40.18666,-73.63432,ECOA 2015
245.924,16.2373,15.002,32.2476,262.8,256.8,49,40.18682,-73.63416,ECOA 2015
254.658,12.567,21.663,32.7239,252,246.1,49,40.18716,-73.63416,ECOA 2015
222.108,9.5059,26.699,32.5575,222.1,216.5,49,40.18732,-73.634,ECOA 2015
242.016,19.4595,2.848,31.6527,242.5,240.5,50,40.09882,-73.52382,ECOA 2015
254.053,18.5477,10.992,31.8811,250.8,249.7,50,40.09882,-73.5235,ECOA 2015
254.986,13.2292,21.763,32.4256,255.2,254.8,50,40.09882,-73.52266,ECOA 2015
244.353,11.4015,26.866,32.7141,240.9,244.7,50,40.09882,-73.52216,ECOA 2015
257.063,10.0517,30.04,32.6752,245.9,261.8,50,40.09882,-73.52166,ECOA 2015
259.932,5.9438,35.237,32.8133,252.1,250.2,50,40.09882,-73.5215,ECOA 2015
248.043,18.7237,2.786,31.9082,248.7,246,51,40.00633,-73.40317,ECOA 2015
254.952,18.0746,13.793,32.0283,261.8,253.8,51,40.00636,-73.40291,ECOA 2015
303.323,9.2701,23.167,32.8328,284.8,314,51,40.0065,-73.40248,ECOA 2015
249.551,6.2865,26.978,32.7779,248,254.5,51,40.0065,-73.40224,ECOA 2015
308.363,6.2904,30.956,32.8835,304.6,306.2,51,40.0066,-73.4018,ECOA 2015
262.374,4.6368,35.127,33.0344,256.6,252.8,51,40.00656,-73.40138,ECOA 2015
231.774,20.6993,2.228,31.6098,239.7,233,52,39.82182,-73.14766,ECOA 2015
238.295,19.784,10.699,31.6519,244,239.4,52,39.8219,-73.14766,ECOA 2015
287.362,8.6396,16.067,32.6916,260.5,254.9,52,39.822,-73.14751,ECOA 2015
230.682,6.4834,19.887,32.6231,239.9,223.9,52,39.82211,-73.14735,ECOA 2015
256.977,5.4519,26.437,32.8607,254.8,246.4,52,39.82202,-73.14722,ECOA 2015
251.59,5.3019,30.188,32.8665,250.8,243.8,52,39.82202,-73.14714,ECOA 2015
231.015,21.4178,2.643,32.2397,232.4,230.7,53,39.63982,-72.92516,ECOA 2015
251.299,17.674,12.768,32.697,268.3,260.2,53,39.63982,-72.92482,ECOA 2015
277.996,12.8514,18.261,33.1639,298.8,299.9,53,39.64,-72.9245,ECOA 2015
334.436,6.7795,29.311,33.1401,319,321.8,53,39.64016,-72.92416,ECOA 2015
265.63,4.7886,39.843,33.0826,256.7,251.6,53,39.64016,-72.924,ECOA 2015
259.373,4.664,44.133,33.0821,250.7,251.7,53,39.64032,-72.92382,ECOA 2015
233.208,21.3314,2.541,32.3957,234.5,233.2,54,39.45266,-72.68116,ECOA 2015
286.887,17.0489,16.196,33.4141,269.5,268.9,54,39.45282,-72.68132,ECOA 2015
288.541,4.6931,37.978,33.1691,277.9,275.7,54,39.453,-72.682,ECOA 2015
272.561,5.4881,58.803,33.3202,264.6,262.6,54,39.45316,-72.68232,ECOA 2015
250.498,8.6104,66.676,34.0819,230.9,245.5,54,39.45316,-72.68266,ECOA 2015
234.772,21.3988,2.863,32.9781,235.5,233.7,55,39.35816,-72.56716,ECOA 2015
246.49,19.4634,13.476,33.8416,257.1,249,55,39.35816,-72.567,ECOA 2015
279.922,15.3494,20.838,34.5917,277.7,275.1,55,39.3585,-72.567,ECOA 2015
266.805,8.2583,36.967,33.9179,258.9,258.3,55,39.35882,-72.567,ECOA 2015
249.769,9.045,44.611,34.1464,244.3,243.7,55,39.35916,-72.567,ECOA 2015
222.758,10.9579,59.554,34.7973,220.9,218.6,55,39.35932,-72.56682,ECOA 2015
205.851,12.2435,88.182,35.2867,205.8,204.8,55,39.35966,-72.56682,ECOA 2015
219.221,23.0169,3.231,35.4334,220.6,218.4,56,39.17232,-72.33016,ECOA 2015
218.781,22.9407,20.057,35.5779,229.2,219.2,56,39.1723,-72.3303,ECOA 2015
222.071,19.3599,38.38,36.1342,249.7,227.8,56,39.17218,-72.33032,ECOA 2015
165.277,14.8187,68.174,35.8521,169.9,163.4,56,39.1722,-72.33034,ECOA 2015
210.655,12.5059,183.531,35.6761,165.4,205.3,56,39.17326,-72.33029,ECOA 2015
149.839,11.0033,240.816,35.4179,214,151.5,56,39.17381,-72.33012,ECOA 2015
158.77,8.0647,433.342,35.1233,156.8,154,56,39.17506,-72.32992,ECOA 2015
212.807,5.9396,485.537,35.0484,225.8,208.5,56,39.17572,-72.32977,ECOA 2015
229.865,22.8844,26.984,35.5756,220.5,217.6,57,39.07881,-72.23965,ECOA 2015
238.983,20.7867,38.632,36.1975,240.4,235.4,57,39.07882,-72.23882,ECOA 2015
172.864,16.8055,60.43,36.011,183.6,180.2,57,39.07895,-72.23832,ECOA 2015
161.841,15.8961,77.733,35.9963,166.8,165.2,57,39.07912,-72.23769,ECOA 2015
177.774,12.4322,153.455,35.6083,164.6,162.3,57,39.07932,-72.2365,ECOA 2015
138.718,9.157,302.018,35.1959,147,138.5,57,39.07957,-72.23448,ECOA 2015
194.984,6.4237,453.789,35.0683,197.2,195.3,57,39.08016,-72.23282,ECOA 2015
246.045,4.7766,753.187,35.0023,246.6,243.8,57,39.08082,-72.23004,ECOA 2015
253.796,4.3347,1005.532,34.9788,256.1,253.7,57,39.08132,-72.22799,ECOA 2015
237.145,21.5585,2.793,31.5776,237.3,235.6,58,39.22032,-73.695,ECOA 2015
238.325,21.4563,11.876,31.5699,238.7,236.8,58,39.22016,-73.69466,ECOA 2015
270.257,17.552,17.631,31.7959,253.8,255.6,58,39.22,-73.69466,ECOA 2015
276.202,7.1731,24.948,32.7788,254.6,250.9,58,39.21966,-73.69432,ECOA 2015
268.292,6.872,27.032,32.8819,267.4,270.7,58,39.2195,-73.69416,ECOA 2015
236.494,21.9822,3.619,31.7987,236,234.7,59,39.12529,-73.93017,ECOA 2015
233.56,20.8797,12.654,31.7696,235.9,234.1,59,39.12529,-73.9302,ECOA 2015
252.808,11.2285,15.598,32.539,256.8,262.4,59,39.12535,-73.93016,ECOA 2015
267.109,9.7301,19.353,32.6987,268.6,266.8,59,39.12532,-73.93016,ECOA 2015
259.102,7.5992,21.865,33.0142,251.5,249.9,59,39.12532,-73.93016,ECOA 2015
250.805,7.1672,35.468,33.0854,247.3,245.3,59,39.12532,-73.93,ECOA 2015
241.66,22.6788,2.479,32.2011,242.7,240.9,60,39.00416,-74.3375,ECOA 2015
242.491,22.5815,6.03,32.1889,243.8,241.6,60,39.00416,-74.33736,ECOA 2015
241.897,22.1337,10.415,32.127,242.7,242.7,60,39.004,-74.33732,ECOA 2015
255.581,21.3702,14.746,32.0377,248,242,60,39.004,-74.33716,ECOA 2015
252.171,15.1602,17.559,32.6169,262.5,254.5,60,39.00382,-74.337,ECOA 2015
235.36,10.9572,20.944,32.8006,235.5,229.9,60,39.00382,-74.33682,ECOA 2015
228.255,22.4687,6.851,32.3231,234.5,230.8,61,38.71848,-74.34266,ECOA 2015
258.639,17.0179,12.332,32.8845,265.4,267,61,38.71816,-74.34232,ECOA 2015
250.489,8.7866,18.074,33.1225,241.3,242.8,61,38.71799,-74.34199,ECOA 2015
231.355,8.274,22.763,33.1866,227.7,226.5,61,38.71798,-74.3415,ECOA 2015
228.807,23.0607,3.615,32.4047,229.4,227.7,62,38.5615,-74.57476,ECOA 2015
236.719,16.4199,13.971,32.7491,248.1,248.5,62,38.56132,-74.57416,ECOA 2015
235.778,9.3617,19.821,33.2449,226.5,224,62,38.561,-74.57366,ECOA 2015
224.476,9.1577,24.877,33.2987,224.3,220.9,62,38.56078,-74.5735,ECOA 2015
227.248,23.0696,2.766,32.4772,228.3,225.7,63,38.4465,-74.34982,ECOA 2015
261.534,18.6864,15.365,34.7513,264.5,260.3,63,38.44616,-74.3495,ECOA 2015
223.795,23.1412,3.019,32.8983,225,222.4,64,38.32132,-74.23032,ECOA 2015
281.158,8.0556,23.885,33.5984,276.7,274.5,64,38.32082,-74.23066,ECOA 2015
221.408,23.1938,2.685,33.4599,222.9,220.5,65,38.22382,-73.999,ECOA 2015
221.248,23.183,7.13,33.4599,223,220.3,65,38.22382,-73.999,ECOA 2015
231.728,19.5815,14.274,34.0164,262,255.7,65,38.22382,-73.99882,ECOA 2015
314.506,7.9481,29.917,33.5692,319,308.4,65,38.22384,-73.9985,ECOA 2015
281.816,10.0422,40.057,34.2641,279.1,275.8,65,38.224,-73.99816,ECOA 2015
267.092,10.0886,48.603,34.3015,267.2,265.7,65,38.22382,-73.998,ECOA 2015
224.815,22.8289,2.971,33.6424,226.5,222.9,66,38.07699,-73.88301,ECOA 2015
223.226,22.8313,7.675,33.6498,226.5,223.4,66,38.07713,-73.88299,ECOA 2015
236.06,20.8992,13.736,34.8495,240.4,242.4,66,38.07716,-73.883,ECOA 2015
268.287,11.106,37.238,34.508,267.8,263.5,66,38.07716,-73.883,ECOA 2015
242.536,10.8481,52.205,34.6413,240.6,232.4,66,38.07732,-73.883,ECOA 2015
217.564,11.1186,69.809,34.8837,223.5,212.4,66,38.07732,-73.883,ECOA 2015
181.618,13.3237,89.476,35.6044,179.9,178,66,38.0775,-73.883,ECOA 2015
216.74,23.6161,2.405,34.3115,219.6,216.4,67,38.00337,-73.65866,ECOA 2015
216.975,23.6223,6.184,34.3143,219,216.7,67,38.00332,-73.6585,ECOA 2015
214.679,24.0701,14.227,35.4052,221.3,213.7,67,38.00332,-73.65845,ECOA 2015
239.822,20.9221,31.285,36.1088,241.3,238.1,67,38.00316,-73.65822,ECOA 2015
224.819,17.1311,49.759,35.7382,236.6,215.9,67,38.00316,-73.65798,ECOA 2015
180.07,14.4629,78.605,35.775,182.2,179.4,67,38.00316,-73.65766,ECOA 2015
176.508,13.843,105.088,35.7891,176.2,171.8,67,38.00298,-73.6575,ECOA 2015
209.421,12.6527,201.84,35.7014,209.8,207.6,67,38.00282,-73.65716,ECOA 2015
180.981,11.7044,261.851,35.5396,175.1,173.2,67,38.00298,-73.65666,ECOA 2015
137.464,9.3066,332.643,35.2191,144,142.2,67,38.00298,-73.65616,ECOA 2015
174.589,7.1417,424.091,35.0897,178,176,67,38.00282,-73.656,ECOA 2015
235.652,5.0901,657.809,35.0185,236.9,234.2,67,38.00282,-73.655,ECOA 2015
217.747,23.9965,3.132,33.1452,218.5,216.4,68,37.55524,-74.527,ECOA 2015
223.083,23.003,14.104,33.2088,230,226.3,68,37.55517,-74.52649,ECOA 2015
258.302,16.7283,22.383,33.98,268,267.1,68,37.55515,-74.52599,ECOA 2015
264.27,11.915,32.128,34.3804,268,267.3,68,37.55505,-74.52522,ECOA 2015
258.372,11.4725,39.376,34.6651,249.2,239.1,68,37.5549,-74.52426,ECOA 2015
227.891,11.5021,48.401,34.7605,225.2,222.4,68,37.55484,-74.52366,ECOA 2015
222.391,25.3179,2.52,31.3308,218.7,221.2,70,36.92832,-75.70766,ECOA 2015
222.018,23.4704,5.43,32.5601,229.1,230.2,70,36.92816,-75.70748,ECOA 2015
234.101,22.5182,7.479,32.6553,233.8,235.4,70,36.928,-75.70748,ECOA 2015
254.734,18.0196,10.619,33.2605,239.7,247,70,36.92766,-75.70766,ECOA 2015
216.735,25.608,2.366,32.1763,213.1,215.9,71,36.8895,-75.45932,ECOA 2015
219.261,24.2202,7.918,32.9434,218.9,220.4,71,36.88932,-75.459,ECOA 2015
225.809,17.5654,10.338,33.3587,244.3,244.5,71,36.88916,-75.45882,ECOA 2015
258.963,15.207,13.535,33.4914,256.9,256.9,71,36.88882,-75.45853,ECOA 2015
262.02,14.2666,22.568,33.6024,256.4,260.6,71,36.88853,-75.45826,ECOA 2015
212.281,26.1334,2.559,32.3205,209.9,212,72,36.83466,-75.19516,ECOA 2015
216.671,25.063,6.281,33.1785,216,218,72,36.83466,-75.195,ECOA 2015
239.517,22.3867,10.57,34.7278,235.1,235.9,72,36.83432,-75.1945,ECOA 2015
262.949,14.573,16.418,33.7983,252.7,259.1,72,36.834,-75.194,ECOA 2015
213.475,25.9007,3.199,31.8911,211,213.1,73,36.78032,-74.9315,ECOA 2015
227.355,23.6127,6.83,32.6419,216.4,226.1,73,36.78,-74.93116,ECOA 2015
245.859,17.2796,11.823,34.6881,248.7,256.1,73,36.77966,-74.93066,ECOA 2015
273.946,11.2518,17.158,34.1636,263.1,266.3,73,36.77932,-74.93016,ECOA 2015
267.6,10.6932,24.184,34.0988,259.8,263.4,73,36.77916,-74.92966,ECOA 2015
267.6,10.6952,23.59,34.0989,260.2,263.2,73,36.77916,-74.92966,ECOA 2015
267.243,10.6739,33.391,34.0993,259,263.2,73,36.77882,-74.92896,ECOA 2015
213.658,25.5426,6.39,31.9274,212.4,212.9,74,36.75782,-74.7991,ECOA 2015
250.845,20.5916,18.531,35.3371,239.2,244.7,74,36.7573,-74.79867,ECOA 2015
282.346,10.3455,30.139,34.3449,276.9,262.5,74,36.75667,-74.7982,ECOA 2015
232.234,11.1381,41.158,34.6935,226,227.9,74,36.75602,-74.79781,ECOA 2015
230.757,11.1864,51.094,34.7058,228.3,227.8,74,36.75564,-74.79748,ECOA 2015
214.089,25.0081,4.096,33.5915,210.6,213.2,75,36.83332,-74.59816,ECOA 2015
223.109,22.1372,14.478,35.9189,233,235.6,75,36.8335,-74.59816,ECOA 2015
218.591,16.8606,29.461,35.9011,211,213.5,75,36.8335,-74.59832,ECOA 2015
170.43,13.1851,121.131,35.6925,170.4,171.7,75,36.83332,-74.59816,ECOA 2015
192.335,12.015,265.159,35.5909,184.2,185.4,75,36.833,-74.59832,ECOA 2015
194.703,6.5887,506.243,35.0708,218.8,191,75,36.83216,-74.59832,ECOA 2015
240.645,4.8853,702.561,35.0033,237.4,239,75,36.83179,-74.59832,ECOA 2015
216.37,24.8931,2.874,32.6081,212.7,215.5,76,36.92016,-74.66382,ECOA 2015
235.212,20.9501,17.757,35.8807,240.3,242,76,36.92016,-74.66382,ECOA 2015
242.94,15.7271,32.928,35.4748,242.9,243.4,76,36.9205,-74.6635,ECOA 2015
183.879,14.705,40.097,35.716,176.3,175.3,76,36.92066,-74.6635,ECOA 2015
182.786,13.4671,50.051,35.5489,178.9,181.1,76,36.921,-74.66332,ECOA 2015
178.801,13.3875,71.399,35.6032,175.8,177.7,76,36.921,-74.66316,ECOA 2015
214.214,25.251,2.72,33.5708,212,214.2,77,36.91216,-74.55116,ECOA 2015
248.172,20.2236,25.192,35.9794,247.6,249.3,77,36.91232,-74.551,ECOA 2015
259.723,13.6311,45.545,34.9471,246.4,253.4,77,36.91276,-74.55032,ECOA 2015
170.516,14.1826,90.608,35.7258,176.9,179.6,77,36.91316,-74.54982,ECOA 2015
187.205,12.6024,212.327,35.6876,203.8,206.5,77,36.91332,-74.54866,ECOA 2015
137.64,9.3608,331.091,35.199,136.1,136.5,77,36.9135,-74.54732,ECOA 2015
217.447,5.7407,553.801,35.0409,212,213.8,77,36.91332,-74.54616,ECOA 2015
248.452,4.6285,805.621,34.9909,243.9,246.2,77,36.914,-74.5455,ECOA 2015
233.588,20.5992,38.779,35.9457,226.3,231.2,78,38.01332,-73.65798,ECOA 2015
233.588,20.4287,39.416,35.9211,229.3,231.4,78,38.01332,-73.65798,ECOA 2015
180.826,16.1201,63.196,35.7802,187.7,189.2,78,38.013,-73.65766,ECOA 2015
178.701,14.4602,79.599,35.5895,183.1,184.2,78,38.01266,-73.65716,ECOA 2015
130.875,11.2521,148.625,35.4108,129.6,131.5,78,38.01232,-73.65666,ECOA 2015
152.168,10.9989,181.973,35.4152,147.8,149.4,78,38.01216,-73.65616,ECOA 2015
138.519,9.2456,293.381,35.1954,136.8,138.2,78,38.01166,-73.65516,ECOA 2015
150.781,8.2818,357.369,35.127,144.5,149.3,78,38.0111,-73.65466,ECOA 2015
211.379,25.2932,3.348,34.2931,208.2,210.5,79,38.08696,-73.76552,ECOA 2015
213.225,15.8573,35.971,35.752,188.5,189.3,79,38.0868,-73.76564,ECOA 2015
156.902,15.0426,72.111,35.9922,154.7,155.7,79,38.08666,-73.76566,ECOA 2015
182.844,12.5637,124.945,35.6388,175.5,178.4,79,38.08647,-73.76547,ECOA 2015
187.75,12.3611,187.073,35.6389,190.1,189.6,79,38.08602,-73.76529,ECOA 2015
155.495,10.6629,300.199,35.3899,155.8,156.9,79,38.0855,-73.76482,ECOA 2015
164.52,7.7606,458.658,35.1173,162.8,164.4,79,38.08418,-73.76448,ECOA 2015
224.435,21.7435,18.826,36.156,224.2,224.7,80,38.15166,-73.8705,ECOA 2015
226.449,17.7486,34.477,35.8639,223.5,225.1,80,38.15182,-73.87082,ECOA 2015
195.821,14.8021,54.865,35.7077,180.1,178.7,80,38.15216,-73.8715,ECOA 2015
175.143,14.2501,81.503,35.6825,171.4,172.9,80,38.15232,-73.87216,ECOA 2015
179.363,13.4211,119.855,35.5865,177.5,180.6,80,38.1525,-73.87282,ECOA 2015
224.676,23.8674,12.846,35.4586,216.4,197.1,81,38.217,-73.98166,ECOA 2015
232.839,23.0488,15.9,35.5904,229.4,229.5,81,38.21716,-73.98216,ECOA 2015
232.839,22.773,15.934,35.5797,259.4,232.4,81,38.21716,-73.982,ECOA 2015
323.147,6.7135,24.643,33.2478,312.4,310.7,81,38.21766,-73.98332,ECOA 2015
291.578,5.686,29.478,33.3023,270.5,261.2,81,38.21782,-73.984,ECOA 2015
262.237,6.0974,38.049,33.4231,252.6,254.7,81,38.21832,-73.98466,ECOA 2015
260.466,6.5405,45.016,33.5445,250.2,255.6,81,38.21848,-73.98482,ECOA 2015
252.093,8.364,49.729,33.9783,239.5,241.3,81,38.21866,-73.98516,ECOA 2015
209.368,11.5475,56.544,34.9908,202.4,209,81,38.219,-73.98548,ECOA 2015
205.446,11.8851,64.794,35.1109,196.3,203.3,81,38.21916,-73.98582,ECOA 2015
214.755,24.8947,2.926,32.9303,212.3,213.9,82,38.28748,-74.10682,ECOA 2015
227.774,22.6456,9.743,34.9943,232.6,234.9,82,38.28749,-74.10698,ECOA 2015
289.346,15.1947,14.569,33.9108,287.7,283.6,82,38.28772,-74.10708,ECOA 2015
324.792,9.5762,23.968,33.6414,308.2,309.3,82,38.28798,-74.10716,ECOA 2015
308.665,7.3965,30.083,33.5316,292.1,299.2,82,38.28795,-74.1075,ECOA 2015
292.703,7.2381,34.472,33.5972,277.7,276.7,82,38.28808,-74.10776,ECOA 2015
261.805,7.4271,41.612,33.7112,250.3,252.3,82,38.28816,-74.108,ECOA 2015
221.181,24.3717,2.615,32.3832,217.9,219.8,83,38.32304,-74.23504,ECOA 2015
230.08,22.7546,7.226,32.9451,229.5,226.6,83,38.32298,-74.23502,ECOA 2015
273.384,17.0858,14.466,34.027,275.6,273.5,83,38.32267,-74.23498,ECOA 2015
321.694,9.5439,24.772,33.513,307.7,316.5,83,38.32232,-74.23496,ECOA 2015
281.518,7.0112,30.188,33.4632,274.1,274.3,83,38.32215,-74.23483,ECOA 2015
221.997,22.4852,7.156,33.0878,223.7,230.4,84,38.44966,-74.34366,ECOA 2015
244.264,19.4845,13.34,33.8068,235.7,253.7,84,38.44932,-74.344,ECOA 2015
290.374,8.2315,21.619,33.3396,254.6,237.2,84,38.44882,-74.34432,ECOA 2015
290.374,8.2825,21.565,33.3249,225.6,236.6,84,38.44882,-74.34416,ECOA 2015
235.783,8.2192,24.732,33.3994,228.3,229.1,84,38.44866,-74.34432,ECOA 2015
223.762,24.4027,2.703,31.7115,220.4,222,85,38.52149,-74.45664,ECOA 2015
231.176,24.1,9.115,31.7335,233.4,225.8,85,38.5212,-74.45686,ECOA 2015
279.519,19.0005,13.465,31.9943,263.5,267.3,85,38.52074,-74.4573,ECOA 2015
248.577,8.2534,21.787,33.2044,241.1,243.2,85,38.52052,-74.45776,ECOA 2015
224.86,24.4241,1.8,31.6992,223.5,223.3,86,38.59116,-74.57182,ECOA 2015
229.873,23.907,10.044,31.7199,254.1,227.5,86,38.591,-74.57216,ECOA 2015
290.35,15.1038,15.048,32.1788,270.5,283.9,86,38.59082,-74.57232,ECOA 2015
222.305,9.391,20.456,33.0401,211.3,213.3,86,38.59066,-74.57266,ECOA 2015
226.508,24.4032,2.05,31.6994,222.6,224,87,38.66116,-74.69266,ECOA 2015
228.179,24.046,8.035,31.7972,224.6,226.6,87,38.66116,-74.69266,ECOA 2015
229.284,21.4661,12.178,31.9116,227.8,229.4,87,38.66132,-74.69282,ECOA 2015
226.085,16.7165,14.579,32.3709,224.9,225.1,87,38.6615,-74.693,ECOA 2015
230.94,22.9439,2.348,31.0677,221,169.7,88,38.734,-74.80866,ECOA 2015
202.171,20.1334,8.867,31.8262,199.5,205.6,88,38.734,-74.80882,ECOA 2015
180.679,17.9468,11.155,32.3096,187.5,178.1,88,38.734,-74.809,ECOA 2015
201.099,19.6472,11.321,31.9803,215.9,218.1,89,38.72666,-74.90466,ECOA 2015
207.868,16.9164,16.191,32.3677,212.8,207.7,89,38.72682,-74.90432,ECOA 2015
202.801,13.4839,18.999,32.7505,201.1,200.8,89,38.72716,-74.9035,ECOA 2015
215.328,24.975,2.544,31.7807,213.7,214.3,92,37.77852,-75.0997,ECOA 2015
217.791,24.5016,5.664,31.9979,216.8,215.6,92,37.77853,-75.0997,ECOA 2015
220.908,21.2427,8.443,32.5519,218.5,218.5,92,37.77856,-75.09976,ECOA 2015
218.536,17.0526,12.403,32.7803,219.8,215.6,92,37.77859,-75.09982,ECOA 2015
223.677,15.9502,15.457,32.8716,222,220.8,92,37.7786,-75.09992,ECOA 2015
229.688,14.658,18.955,33.0153,226.6,227.5,92,37.77867,-75.10003,ECOA 2015
233.787,23.2789,2.428,32.2694,231.7,233,93,37.78432,-75.34632,ECOA 2015
215.768,25.3469,2.174,31.8236,214.3,215.1,94,37.43582,-75.5925,ECOA 2015
216.97,23.8374,9.417,32.4773,217.7,214.6,94,37.43616,-75.59316,ECOA 2015
214.071,25.6008,2.22,31.3813,227.3,211.8,95,37.3725,-75.432,ECOA 2015
231.035,16.6614,10.165,33.1509,239.4,241.7,95,37.3722,-75.432,ECOA 2015
210.671,26.0389,3.513,31.3247,209,209.8,96,36.92332,-75.70332,ECOA 2015
210.738,25.9084,7.398,31.4418,221.7,211.6,96,36.9235,-75.70366,ECOA 2015
238.535,18.3735,9.943,33.1744,239.1,242.2,96,36.92382,-75.70416,ECOA 2015
225.259,24.4036,3.092,27.1961,142.4,224.1,97,36.76782,-75.82666,ECOA 2015
208.415,25.6261,2.777,30.801,217.5,211.9,98,36.54482,-75.546,ECOA 2015
241.031,22.3447,6.783,32.415,244.5,225.3,98,36.54466,-75.546,ECOA 2015
257.846,15.198,8.821,33.7093,252.8,254.8,98,36.54448,-75.54632,ECOA 2015
257.825,14.818,13.135,33.7861,254.3,254.6,98,36.54432,-75.5465,ECOA 2015
209.282,25.7829,2.429,30.8325,203.6,209,99,36.08732,-75.599,ECOA 2015
229.557,20.432,9.249,32.8733,229.8,230.8,99,36.08782,-75.60032,ECOA 2015
256.752,15.3632,14.477,33.9081,225.1,254.7,99,36.0885,-75.60182,ECOA 2015
216.744,24.7397,2.669,31.9261,217.5,215.3,100,35.60912,-75.33638,ECOA 2015
238.635,20.2653,4.956,32.4132,227,232.1,100,35.60916,-75.3365,ECOA 2015
246.746,15.8174,16.061,33.6351,246.2,245.5,100,35.60947,-75.33727,ECOA 2015
177.05,25.155,2.631,30.6652,217.2,181.4,101,35.5825,-75.24616,ECOA 2015
170.774,18.2577,5.998,32.7805,247.9,207.5,101,35.5825,-75.24632,ECOA 2015
185.407,15.5051,11.939,33.5274,254.8,208.3,101,35.58266,-75.24682,ECOA 2015
180.136,14.8377,17.751,33.7594,254.3,205.5,101,35.58266,-75.24716,ECOA 2015
236.113,21.0806,7.05,31.9113,239.1,233.2,102,35.55751,-75.12032,ECOA 2015
252.683,17.3793,10.567,33.4592,253.9,248,102,35.5576,-75.12042,ECOA 2015
254.806,14.9181,27.787,34.6904,248.8,250.8,102,35.5579,-75.12088,ECOA 2015
204.02,26.6645,2.764,35.729,205.1,203.9,103,35.54216,-74.97716,ECOA 2015
212.166,26.1093,9.513,35.5358,207.1,205.9,103,35.54216,-74.97732,ECOA 2015
224.379,25.2917,15.82,35.951,212,208,103,35.542,-74.97816,ECOA 2015
219.946,20.6858,18.934,35.1441,220.7,214.8,103,35.54216,-74.97816,ECOA 2015
211.493,18.3719,29.147,35.6812,205.7,209.6,103,35.54216,-74.9785,ECOA 2015
220.291,15.2865,38.999,35.2001,212.6,213.5,103,35.542,-74.97882,ECOA 2015
197.889,28.6449,2.238,36.2995,198,197,104,35.511,-74.8075,ECOA 2015
204.718,26.4104,13.802,36.2557,204.5,209.6,104,35.511,-74.80766,ECOA 2015
203.816,24.9156,26.11,36.3159,202.8,201.7,104,35.51082,-74.80816,ECOA 2015
196.201,21.9308,31.861,36.0605,197.4,193.3,104,35.51066,-74.80871,ECOA 2015
261.058,13.533,47.349,34.6988,262.8,262.6,104,35.5105,-74.80932,ECOA 2015
248.063,10.86,64.277,34.4336,242.2,244.5,104,35.50998,-74.81016,ECOA 2015
222.367,12.6502,87.279,35.259,200.5,192.6,104,35.50982,-74.81082,ECOA 2015
197.671,28.64,2.583,36.2944,197.9,103.7,105,35.5,-74.69282,ECOA 2015
202.797,27.9482,14.652,36.3021,203.3,99.1,105,35.49982,-74.69305,ECOA 2015
206.32,23.3779,28.296,36.2899,205.2,106.9,105,35.4995,-74.69366,ECOA 2015
167.453,18.4953,49.332,36.0388,173.4,103.3,105,35.49916,-74.69416,ECOA 2015
223.736,11.5114,68.146,34.6258,238.9,124.2,105,35.49882,-74.69466,ECOA 2015
215.837,11.4109,84.655,34.6516,224.5,118.6,105,35.4985,-74.69523,ECOA 2015
180.557,14.3698,124.461,35.6988,187.7,113.7,105,35.49816,-74.696,ECOA 2015
174.406,14.4042,148.15,35.8102,173.5,112.4,105,35.498,-74.69666,ECOA 2015
205.664,12.3569,255.838,35.6156,187.2,118.8,105,35.4975,-74.698,ECOA 2015
184.912,11.929,281.947,35.5499,171.7,126.7,105,35.49732,-74.69866,ECOA 2015
136.468,8.3181,478.22,35.101,140.8,124.9,105,35.4965,-74.70099,ECOA 2015
207.13,5.8544,564.949,35.0472,208.5,122.7,105,35.49616,-74.70216,ECOA 2015
241.003,4.8299,754.818,34.9989,241.2,124.5,105,35.49532,-74.70404,ECOA 2015
253.478,4.3835,1006.515,34.9757,252,127.9,105,35.49432,-74.707,ECOA 2015
185.538,4.1876,1147.318,34.968,254.3,131.3,105,35.49382,-74.70853,ECOA 2015
204.949,26.3214,2.87,36.19,205.4,204.3,106,35.17582,-75.3835,ECOA 2015
205.37,25.976,1.965,36.2344,206.3,205.5,107,34.91166,-76.17132,ECOA 2015
196.654,28.4784,2.7,36.1986,197.8,195.8,108,34.13382,-76.08798,ECOA 2015
198.128,28.174,18.711,36.1096,199.2,198,108,34.1335,-76.08832,ECOA 2015
203.656,26.3647,50.517,36.3137,204.6,203.7,108,34.133,-76.08916,ECOA 2015
168.783,19.7844,76.288,36.464,153.5,155.5,108,34.13266,-76.08966,ECOA 2015
142.186,17.9536,123.403,36.3162,142.3,141.6,108,34.13232,-76.09066,ECOA 2015
136.492,16.4267,178.852,36.1519,137.7,136.6,108,34.13182,-76.09166,ECOA 2015
191.601,29.2411,2.471,36.2036,192.8,192.7,110,33.73432,-76.54216,ECOA 2015
198.997,28.3726,60.465,36.2575,200.5,199.9,110,33.73198,-76.54166,ECOA 2015
200.116,25.8332,87.499,36.3704,201.2,201.3,110,33.7305,-76.54132,ECOA 2015
180.661,23.0938,116.23,36.5398,182.4,182.5,110,33.72854,-76.54116,ECOA 2015
183.878,21.455,132.496,36.4775,184.7,184.6,110,33.72732,-76.541,ECOA 2015
155.611,20.6388,154.66,36.4874,174.1,171.6,110,33.72582,-76.54082,ECOA 2015
149.81,20.1409,186.635,36.575,152,151.8,110,33.72448,-76.54066,ECOA 2015
200.85,26.321,2.054,36.0839,200.8,199.6,111,34.269,-77.24607,ECOA 2015
200.829,26.2736,7.703,36.0906,200.5,199.5,111,34.26882,-77.246,ECOA 2015
215.348,25.868,15.297,36.1176,202.7,202.2,111,34.2685,-77.24616,ECOA 2015
211.462,23.1379,21.428,36.3183,210.9,210.5,111,34.26825,-77.24632,ECOA 2015
201.448,26.0524,3.145,36.1784,201.8,200.6,112,34.35326,-77.3589,ECOA 2015
201.717,26.0601,5.641,36.177,201.7,200.9,112,34.35312,-77.35882,ECOA 2015
200.952,24.4596,13.031,36.2692,202.1,202.4,112,34.3529,-77.3588,ECOA 2015
203.12,23.7885,15.381,36.3225,205.4,202.7,112,34.35282,-77.35878,ECOA 2015
200.76,26.0327,2.431,36.1463,201.4,200.3,113,34.41366,-77.46732,ECOA 2015
200.956,25.8845,8.87,36.1652,201.1,199.7,113,34.41332,-77.46716,ECOA 2015
200.937,25.9373,3.168,36.158,200.8,199.8,114,34.23882,-77.3825,ECOA 2015
200.436,25.9306,7.251,36.1579,200.5,200,114,34.23848,-77.38266,ECOA 2015
200.585,24.8604,14.893,36.2265,201.6,200.9,114,34.23832,-77.38249,ECOA 2015
197.335,26.7358,2.889,36.0184,195.9,196.1,116,33.985,-77.579,ECOA 2015
207.918,25.3078,3.249,36.0133,207,206.1,117,33.584,-77.6295,ECOA 2015
207.33,25.1998,10.292,36.017,209,206.4,117,33.5835,-77.62932,ECOA 2015
199.638,27.2585,2.224,35.8075,199.9,199.5,118,33.64832,-78.02116,ECOA 2015
199.874,27.2377,11.025,35.8053,199.4,199.5,118,33.6475,-78.02066,ECOA 2015
207.164,27.0195,2.63,35.8409,206.6,206.6,119,33.765,-78.18116,ECOA 2015
207.02,27.0155,12.057,35.8414,210.1,206.9,119,33.76482,-78.181,ECOA 2015
198.612,26.7072,2.991,36.2099,198.6,197.8,120,34.11232,-77.0525,ECOA 2015
204,24.4365,16.249,36.3206,207.2,208.9,120,34.11216,-77.05232,ECOA 2015
195.88,28.6814,2.876,36.177,194.9,196,121,33.8608,-76.74296,ECOA 2015
211.086,25.9735,29.169,36.2033,208.9,209,121,33.86032,-76.74282,ECOA 2015
196.203,28.6113,2.263,36.1089,196.1,195.7,122,33.70402,-76.541,ECOA 2015
195.719,28.5254,32.599,36.1126,196.2,195.6,122,33.70382,-76.54116,ECOA 2015
214.417,24.6532,59.993,36.2321,214.5,212.8,122,33.703,-76.54148,ECOA 2015
207.077,22.5913,70.104,36.3926,203,201.9,122,33.70266,-76.54182,ECOA 2015
164.178,20.2869,97.845,36.4502,165.1,166.3,122,33.70182,-76.54232,ECOA 2015
155.256,18.8924,116.316,36.3009,153.6,156.9,122,33.70132,-76.5425,ECOA 2015
137.922,15.8419,169.359,36.0685,139.4,138.1,122,33.70016,-76.543,ECOA 2015
140.187,15.2093,187.873,35.9984,140.1,141.9,122,33.7,-76.54316,ECOA 2015
133.017,13.7296,214.821,35.7624,131.9,132.3,122,33.69966,-76.54332,ECOA 2015
136.505,13.6242,225.766,35.7603,136.3,136.1,122,33.69932,-76.5435,ECOA 2015
193.673,29.4851,2.598,36.2522,195.3,193.8,123,33.5965,-76.28416,ECOA 2015
199.922,28.2467,30.152,36.1692,200,200,123,33.59516,-76.28566,ECOA 2015
201.259,27.7436,61.149,36.1855,203.1,203.1,123,33.59348,-76.28738,ECOA 2015
185.844,26.269,107.309,36.4561,189.1,189,123,33.59166,-76.28948,ECOA 2015
194.592,24.6195,122.6,36.4769,190.3,190.8,123,33.59074,-76.29048,ECOA 2015
182.084,20.4661,164.017,36.353,185.2,186.4,123,33.58916,-76.29232,ECOA 2015
144.007,18.5762,208.22,36.4479,145.4,144.8,123,33.58732,-76.29466,ECOA 2015
140.809,16.5599,246.718,36.1614,137.9,137.9,123,33.58516,-76.29732,ECOA 2015
140.084,13.8309,309.513,35.7877,138.1,138,123,33.58182,-76.30166,ECOA 2015
125.132,11.6614,353.337,35.443600000000004,125.7,125.5,123,33.57966,-76.30482,ECOA 2015
125.036,11.5779,360.446,35.4298,125.9,125.6,123,33.5785,-76.30632,ECOA 2015
123.75,10.2193,421.534,35.2481,123.3,123.9,123,33.57682,-76.30866,ECOA 2015
194.559,28.9874,3.778,36.0234,194.6,193.5,124,33.505,-76.19732,ECOA 2015
196.602,28.7707,37.188,36.1792,196,196.1,124,33.50382,-76.19816,ECOA 2015
194.126,27.5059,70.631,36.2459,196.1,196.3,124,33.50298,-76.19882,ECOA 2015
175.721,26.1489,132.046,36.5627,177.5,177.5,124,33.50116,-76.20016,ECOA 2015
149.269,22.512,190.715,36.8599,151.1,150.7,124,33.4995,-76.2015,ECOA 2015
146.099,21.273,212.673,36.802,146.2,145.5,124,33.49882,-76.20216,ECOA 2015
159.106,18.8778,269.137,36.5519,147.1,146,124,33.4975,-76.20332,ECOA 2015
147.57,17.7503,307.54,36.3961,147.9,147.7,124,33.49666,-76.20432,ECOA 2015
129.48,15.5006,375.227,36.019,132.2,131.6,124,33.49532,-76.20582,ECOA 2015
141.191,13.7356,428.815,35.7774,142.4,142.2,124,33.4945,-76.20697,ECOA 2015
127.17,12.7166,504.137,35.6189,136.7,140.5,124,33.493,-76.20836,ECOA 2015
125.291,9.309,565.946,35.1435,125.2,124.9,124,33.492,-76.20966,ECOA 2015
195.042,28.5379,2.584,35.8617,194.7,194.9,125,33.29016,-76.00666,ECOA 2015
197.651,28.346,50.114,36.2226,197.5,198.3,125,33.28916,-76.00766,ECOA 2015
191.925,27.1605,81.753,36.3151,193.5,194.8,125,33.2885,-76.00832,ECOA 2015
203.166,26.2255,111.125,36.4791,192.9,194,125,33.28798,-76.00882,ECOA 2015
201.746,25.0095,133.878,36.5943,204.4,204.5,125,33.28766,-76.009,ECOA 2015
191.513,23.1011,177.796,36.6546,195.7,196.2,125,33.28698,-76.00916,ECOA 2015
176.536,19.4211,303.243,36.6261,176,176.1,125,33.28582,-76.00982,ECOA 2015
181.474,17.7735,421.914,36.4743,181.1,181.2,125,33.2845,-76.01082,ECOA 2015
130.736,12.6572,607.052,35.5953,133.2,133.6,125,33.28216,-76.01282,ECOA 2015
133.555,11.4209,702.579,35.4271,131.5,131.7,125,33.28098,-76.014,ECOA 2015
217.648,6.0082,817.592,35.0559,208.5,209.5,125,33.27966,-76.01532,ECOA 2015
244.671,4.7018,966.788,34.9971,243.9,244.3,125,33.278,-76.01666,ECOA 2015
255.201,4.1216,1262.93,34.9649,255.2,256.2,125,33.27516,-76.01882,ECOA 2015
195.715,28.4695,3.201,36.3711,195.2,195.4,126,31.3195,-77.03782,ECOA 2015
200.223,28.1407,38.149,36.446,200.3,199,126,31.31982,-77.037,ECOA 2015
215.098,24.6335,60.109,36.5959,214.5,214.6,126,31.32,-77.03632,ECOA 2015
192.788,21.8107,118.221,36.6327,196.4,196.2,126,31.31982,-77.03532,ECOA 2015
183.754,20.2534,181.883,36.6491,185.8,185.8,126,31.31966,-77.03432,ECOA 2015
173.427,17.4294,405.459,36.4109,178.7,178.7,126,31.31916,-77.03232,ECOA 2015
159.763,14.6396,558.516,35.9297,161.7,161.9,126,31.31882,-77.03142,ECOA 2015
136.862,9.7371,755.764,35.2407,137.6,138.2,126,31.317,-77.02916,ECOA 2015
164.077,7.7254,857.503,35.1221,165.3,165.9,126,31.31616,-77.03016,ECOA 2015
212.26,5.915,1005.309,35.0606,211.9,212.9,126,31.31582,-77.03182,ECOA 2015
241.295,4.8061,1213.998,35.0137,242.1,243.1,126,31.31618,-77.0335,ECOA 2015
251.424,4.3347,1425.418,34.9884,251.9,252.8,126,31.31732,-77.03532,ECOA 2015
193.726,29.3094,2.873,36.2137,193.2,192.7,127,31.66046,-77.52032,ECOA 2015
183.455,26.6103,116.264,36.4449,183,182.8,127,31.65813,-77.52182,ECOA 2015
181.824,24.3841,175.011,36.7204,185.4,184.6,127,31.65718,-77.52251,ECOA 2015
186.48,22.4731,221.535,36.7177,185.1,183.6,127,31.6565,-77.52316,ECOA 2015
183.593,20.9657,248.92,36.6756,185.8,188.8,127,31.65578,-77.52358,ECOA 2015
146.106,20.4149,273.7,36.7234,147.5,146.8,127,31.655,-77.52416,ECOA 2015
146.882,17.8809,352.884,36.4177,147.9,148.1,127,31.65382,-77.52482,ECOA 2015
144.261,15.0618,453.901,35.9815,146.5,146,127,31.6526,-77.52604,ECOA 2015
131.934,12.2571,544.251,35.5326,132.4,132,127,31.65132,-77.52732,ECOA 2015
201.837,28.7049,2.765,36.2388,200.9,201.2,128,32.14282,-78.14516,ECOA 2015
210.142,27.8031,13.858,36.1926,209.2,205.6,128,32.14198,-78.14532,ECOA 2015
207.708,24.9278,20.487,36.1281,201.7,202.7,128,32.14148,-78.14566,ECOA 2015
183.543,22.2588,35.354,36.4873,187.7,180,128,32.14053,-78.146,ECOA 2015
174.694,20.8927,49.539,36.4251,178.9,182.5,128,32.13916,-78.14666,ECOA 2015
168.624,18.6872,77.242,36.2513,155.5,165.4,128,32.13732,-78.14716,ECOA 2015
141.278,17.3095,100.756,36.282,139,139.3,128,32.13632,-78.14751,ECOA 2015
129.466,14.7111,168.597,35.8781,133.6,133.1,128,32.1339,-78.148,ECOA 2015
123.339,11.6262,203.548,35.4466,123.8,123.1,128,32.13266,-78.14816,ECOA 2015
126,7.7789,449.21,34.9717,124.1,126.2,128,32.127,-78.14882,ECOA 2015
197.281,28.664,2.946,36.172,196.3,196.4,129,32.39966,-78.48966,ECOA 2015
202.945,28.6556,14.098,36.1658,196.8,196.7,129,32.39966,-78.4895,ECOA 2015
227.237,26.5671,27.244,36.1482,219.7,214,129,32.3995,-78.4895,ECOA 2015
187.97,19.6809,38.899,36.1907,181.2,184.5,129,32.3995,-78.4895,ECOA 2015
150.958,17.8118,54.875,36.258,145.5,148.5,129,32.39932,-78.48932,ECOA 2015
135.389,16.0411,110.57,36.1214,136.2,137.1,129,32.39916,-78.48882,ECOA 2015
132.446,15.2192,149.888,35.9831,133.8,132.2,129,32.39916,-78.48866,ECOA 2015
138.472,14.2897,162.059,35.855,138.5,137.9,129,32.39898,-78.4885,ECOA 2015
125.201,10.6515,211.475,35.319,125.2,125,129,32.39898,-78.488,ECOA 2015
194.716,28.5457,2.468,36.1126,195.1,195.6,130,32.60232,-78.724,ECOA 2015
200.679,28.4305,15.772,36.1078,195.8,196.8,130,32.60232,-78.72382,ECOA 2015
213.773,27.7977,19.722,36.0941,202.6,200,130,32.6025,-78.7235,ECOA 2015
192.602,23.1064,28.2,36.3589,205.7,211.7,130,32.6025,-78.72332,ECOA 2015
197.837,28.2435,2.183,36.1845,198.3,197.4,131,32.7795,-78.9215,ECOA 2015
205.188,26.602,14.42,36.1081,208.9,205,131,32.77932,-78.92132,ECOA 2015
216.207,22.4498,16.809,36.314,213.7,213.9,131,32.77916,-78.92116,ECOA 2015
215.14,21.9087,27.472,36.3165,213.6,214.1,131,32.779,-78.92082,ECOA 2015
211.177,25.845,2.829,36.0538,209.3,210.3,132,32.981,-79.179,ECOA 2015
211.259,25.825,4.339,36.054,209.8,211,132,32.98116,-79.179,ECOA 2015
207.516,28.6425,2.763,36.0882,205.8,207.1,133,31.47349,-80.97332,ECOA 2015
206.382,28.4236,2.503,36.176,205,205.7,134,31.45214,-80.9255,ECOA 2015
206.104,27.6387,2.795,36.2898,205.6,207.5,135,31.41066,-80.86477,ECOA 2015
210.195,26.5085,4.805,36.2954,208.3,208.6,135,31.41066,-80.86466,ECOA 2015
202.889,28.3444,2.714,36.2866,202.1,203,136,31.41,-80.8645,ECOA 2015
202.681,27.7464,5.544,36.2904,204.5,204.8,136,31.41,-80.8645,ECOA 2015
209.436,26.7847,7.617,36.2968,209,208.7,136,31.40982,-80.86432,ECOA 2015
202.005,27.9706,2.252,36.334,201,202,137,31.39366,-80.74882,ECOA 2015
204.298,27.4541,7.868,36.3148,206.4,203.9,137,31.39366,-80.74882,ECOA 2015
207.53,25.6966,10.089,36.3064,205.8,206.2,137,31.39366,-80.74882,ECOA 2015
218.394,24.6485,12.37,36.2444,215.8,217.3,138,31.3269,-80.56734,ECOA 2015
199.952,27.6203,11.369,36.3125,209.8,199.8,139,31.26032,-80.38332,ECOA 2015
231.485,22.8249,18.603,36.1902,228.4,231.6,139,31.26016,-80.38332,ECOA 2015
200.114,28.1518,2.961,36.2889,198.9,198.8,140,31.194,-80.2425,ECOA 2015
215.391,23.8649,15.028,36.237,219.3,221.4,140,31.19382,-80.24282,ECOA 2015
218.601,22.0381,24.316,36.286,220.2,219.6,140,31.19366,-80.24298,ECOA 2015
222.298,21.6121,30.36,36.2895,221.8,223.6,140,31.19362,-80.24332,ECOA 2015
199.821,29.3356,2.851,36.2019,197.7,197.9,141,31.0965,-79.95332,ECOA 2015
202.993,24.8734,30.704,36.2012,203.8,207.2,141,31.0955,-79.95382,ECOA 2015
191.338,21.5425,42.225,36.2188,195.2,190.7,141,31.09482,-79.95382,ECOA 2015
195.514,30.0289,2.606,36.286,192.1,193.8,142,30.98916,-79.6595,ECOA 2015
197.871,29.5164,34.872,36.3543,196.2,198.3,142,30.98816,-79.65982,ECOA 2015
201.663,28.5549,51.13,36.4181,200.5,201.5,142,30.987,-79.66032,ECOA 2015
189.042,25.05,91.93,36.4939,186.5,187.2,142,30.98396,-79.66132,ECOA 2015
189.042,25.0816,91.647,36.4974,186.4,186.6,142,30.984,-79.66132,ECOA 2015
166.99,21.8085,136.313,36.6178,164.3,166.4,142,30.982,-79.66216,ECOA 2015
143.792,20.2976,166.162,36.6171,144.3,145.1,142,30.98082,-79.66266,ECOA 2015
153.003,18.8492,190.458,36.403,150.5,152.1,142,30.97966,-79.66316,ECOA 2015
142.737,17.2674,227.529,36.294,144.1,144.7,142,30.97866,-79.66366,ECOA 2015
135.99,15.7582,288.132,36.0684,135.4,135.7,142,30.97666,-79.66416,ECOA 2015
117.604,10.065,361.576,35.1949,118.5,119.5,142,30.9745,-79.665,ECOA 2015
126.675,7.4994,421.634,34.9482,128,127.3,142,30.973,-79.66548,ECOA 2015
194.967,29.7003,2.758,36.2821,192.4,193.8,143,30.879,-79.44166,ECOA 2015
196.934,29.5113,21.022,36.2476,192.5,193.9,143,30.87832,-79.44182,ECOA 2015
192.681,27.4128,65.503,36.3007,194.8,197,143,30.87734,-79.44216,ECOA 2015
184.611,26.6627,91.921,36.4495,185.6,187.3,143,30.87632,-79.44248,ECOA 2015
168.298,24.793,125.384,36.7102,167.4,168.4,143,30.87532,-79.44248,ECOA 2015
145.531,21.4723,176.721,36.8048,145.4,145.8,143,30.874,-79.443,ECOA 2015
145.402,20.1869,201.571,36.6836,146.2,146.2,143,30.873,-79.44332,ECOA 2015
146.46,18.1968,251.878,36.4677,148,148.7,143,30.87182,-79.44366,ECOA 2015
151.813,17.1773,303.497,36.3174,150.3,151.4,143,30.8705,-79.44382,ECOA 2015
143.089,16.113,352.556,36.135,145.4,145.7,143,30.86821,-79.44432,ECOA 2015
130.864,14.5009,403.928,35.8624,133.1,134,143,30.867,-79.4445,ECOA 2015
118.482,10.8255,504.377,35.2889,118.2,118.8,143,30.86491,-79.444820000000007,ECOA 2015
116.828,9.1306,605.878,35.066,116.7,117.4,143,30.86232,-79.44532,ECOA 2015
195.587,28.6581,35.668,36.2998,194,195.1,144,30.508,-78.517,ECOA 2015
201.671,26.4168,70.397,36.4419,199.2,198.1,144,30.50732,-78.51666,ECOA 2015
186.933,25.5476,92.307,36.6435,173.3,175.9,144,30.50666,-78.51616,ECOA 2015
178.278,25.1512,102.384,36.6894,173,172.9,144,30.50582,-78.51582,ECOA 2015
171.466,24.5418,121.161,36.7288,174.4,173.5,144,30.50532,-78.5155,ECOA 2015
194.355,21.7904,178.151,36.6743,191.8,193.3,144,30.50466,-78.51516,ECOA 2015
184.773,20.354,242.907,36.6737,184.3,184.2,144,30.504,-78.51466,ECOA 2015
161.518,18.9896,332.063,36.5864,161.8,162.8,144,30.50282,-78.51382,ECOA 2015
163.661,15.613,577.411,36.0986,164.8,166.2,144,30.50032,-78.512,ECOA 2015
138.668,14.1625,618.733,35.8209,139.9,139.1,144,30.4995,-78.51132,ECOA 2015
148.751,13.5434,668.844,35.7586,151.5,152.2,144,30.4985,-78.51082,ECOA 2015
193.399,29.0209,3.325,36.2444,192.5,193.2,145,30.32,-77.75198,ECOA 2015
199.294,28.286,42.822,36.2599,198.4,198.1,145,30.32,-77.75198,ECOA 2015
195.045,26.5548,90.502,36.4409,194.7,195.9,145,30.32,-77.75198,ECOA 2015
191.249,25.6411,107.737,36.5488,199.5,202.5,145,30.32,-77.75198,ECOA 2015
185.191,23.3486,153.172,36.7041,186.5,188.7,145,30.32,-77.75198,ECOA 2015
174.953,22.4385,185.577,36.73,182.7,181.5,145,30.32,-77.75198,ECOA 2015
183.48,21.2541,237.585,36.7272,181.8,174.2,145,30.32,-77.75198,ECOA 2015
161.886,20.5229,276.86,36.7133,164.5,161.8,145,30.32,-77.75198,ECOA 2015
189.091,19.0821,331.396,36.5726,186.8,187,145,30.32,-77.75198,ECOA 2015
177.332,16.5377,522.759,36.256100000000004,177.9,177.3,145,30.32,-77.75198,ECOA 2015
162.272,15.2915,582.769,36.0454,171,164.3,145,30.32,-77.75198,ECOA 2015
126.592,13.3931,639.377,35.6915,135.2,130,145,30.32,-77.75198,ECOA 2015
124.205,11.1113,691.656,35.3726,129.8,125.5,145,30.32,-77.75198,ECOA 2015
196.175,28.4113,3.396,36.3514,194.398,196.3,146,30.3555,-77.1585,ECOA 2015
201.534,28.2536,36.153,36.4225,197.441,197.2,146,30.35566,-77.15866,ECOA 2015
216.697,24.747,61.005,36.5853,215.197,215.7,146,30.35566,-77.15882,ECOA 2015
202.593,21.482,119.169,36.6221,208.339,210.3,146,30.35582,-77.15898,ECOA 2015
199.309,20.3155,161.257,36.6197,190.479,191.6,146,30.35582,-77.15916,ECOA 2015
182.602,19.1367,210.1,36.4711,180.538,182.2,146,30.356,-77.15932,ECOA 2015
170.078,16.9036,273.201,36.2359,171.095,171.4,146,30.35611,-77.1595,ECOA 2015
150.824,14.1999,423.979,35.8624,155.303,156.1,146,30.3565,-77.16,ECOA 2015
139.102,12.652,479.545,35.6109,139.008,140.2,146,30.35666,-77.16016,ECOA 2015
144.918,11.8484,529.107,35.5219,147.527,148.4,146,30.35666,-77.16032,ECOA 2015
134.299,9.8254,605.282,35.2379,133.361,134.2,146,30.357,-77.1605,ECOA 2015
152.093,8.0737,706.078,35.1119,151.901,153.5,146,30.35716,-77.16066,ECOA 2015
204.728,6.2105,846.553,35.0663,200.119,201.7,146,30.35766,-77.161,ECOA 2015
234.169,5.1556,1008.103,35.0299,232.309,233.5,146,30.358,-77.16132,ECOA 2015
101.2113,28.895,3.558,36.3441,192.294,193.9,147,29.19816,-78.11366,ECOA 2015
102.27493,26.3245,60.425,36.5248,204.158,205.4,147,29.19666,-78.11282,ECOA 2015
95.26646,24.2016,93.085,36.6464,195.271,196.5,147,29.19566,-78.11182,ECOA 2015
90.36232,22.3996,145.987,36.6653,191.886,193.3,147,29.1945,-78.11066,ECOA 2015
89.69181,20.58,200.18,36.6238,198.94,200.6,147,29.193,-78.10882,ECOA 2015
82.97978,19.764,237.587,36.6304,186.058,186.5,147,29.19232,-78.108,ECOA 2015
85.39681,18.9999,272.568,36.5737,191.031,191.7,147,29.19166,-78.1065,ECOA 2015
80.18112,18.0129,364.642,36.5213,184.668,186.2,147,29.19032,-78.10516,ECOA 2015
75.63338,16.812,454.393,36.3155,178.111,180,147,29.18882,-78.10316,ECOA 2015
70.43673,15.9267,497.975,36.1585,170.398,171.8,147,29.188,-78.10198,ECOA 2015
64.61317,14.7908,544.368,35.9693,159.373,160.9,147,29.18716,-78.10082,ECOA 2015
51.73798,11.4945,670.946,35.4341,133.277,134.7,147,29.18532,-78.09882,ECOA 2015
50.1431,10.5933,724.653,35.3438,137.06,138.6,147,29.1845,-78.09766,ECOA 2015
46.62144,7.9416,815.41,35.0153,133.843,134.9,147,29.18366,-78.09626,ECOA 2015
193.571,29.623,2.623,36.1926,191.877,193.8,148,28.99732,-79.13466,ECOA 2015
201.68,28.2644,39.139,36.1407,200.004,202.4,148,28.997,-79.13482,ECOA 2015
185.451,26.5868,97.731,36.4034,183.204,184,148,28.9965,-79.135,ECOA 2015
161.534,23.9144,165.287,36.7652,162.723,163.5,148,28.996,-79.13516,ECOA 2015
201.408,20.6686,216.671,36.616,194.265,206,148,28.99566,-79.13532,ECOA 2015
184.962,19.4185,261.103,36.6207,183.928,185.4,148,28.99532,-79.13532,ECOA 2015
186.366,18.3016,333.366,36.543,186.435,188.4,148,28.99482,-79.1355,ECOA 2015
165.168,16.1163,452.524,36.1765,161.491,162.7,148,28.99416,-79.13582,ECOA 2015
150.164,13.9806,538.282,35.8069,145.545,144.7,148,28.99366,-79.136,ECOA 2015
145.041,12.762,597.225,35.6462,144.809,146.4,148,28.9935,-79.136,ECOA 2015
118.54,11.1004,645.881,35.3384,121.575,122.6,148,28.99316,-79.136,ECOA 2015
120.418,9.9342,706.495,35.1718,122.756,120.9,148,28.99282,-79.136,ECOA 2015
193.771,30.4006,3.15,36.132,191.13,193.6,149,28.96958,-79.71866,ECOA 2015
195.763,30.094,24.96,36.3031,192.217,193.8,149,28.96834,-79.71816,ECOA 2015
203.801,28.6743,50.285,36.2129,201.116,202.8,149,28.96666,-79.7175,ECOA 2015
192.511,27.0925,83.702,36.319,202.893,196.6,149,28.96482,-79.71666,ECOA 2015
189.326,23.8041,106.24,36.4378,194.975,201.5,149,28.96316,-79.71593,ECOA 2015
192.244,23.7713,106.663,36.4394,202.893,201.7,149,28.96329,-79.716,ECOA 2015
148.485,20.096,159.292,36.5892,142.122,142.8,149,28.96182,-79.71482,ECOA 2015
137.443,18.1105,191.985,36.41,136.488,137.5,149,28.96047,-79.71398,ECOA 2015
146.522,16.8783,233.724,36.2577,144.25,144.8,149,28.95882,-79.71316,ECOA 2015
126.582,14.1084,302.67,35.8044,127.498,128.4,149,28.95682,-79.712,ECOA 2015
118.745,10.3794,412.036,35.2503,118.339,119.2,149,28.9535,-79.7105,ECOA 2015
121.229,9.6072,454.323,35.1765,121.098,122.2,149,28.95166,-79.71016,ECOA 2015
123.171,7.9665,480.935,34.9701,122.464,123.3,149,28.94857,-79.70932,ECOA 2015
132.27,7.0901,564.738,34.9234,131.32,132.1,149,28.94582,-79.7081,ECOA 2015
192.929,30.4421,2.184,35.8127,192.072,193,150,28.9805,-79.84532,ECOA 2015
187.617,23.9279,85.265,36.4926,189.669,193,150,28.97682,-79.84482,ECOA 2015
143.661,17.5635,137.981,36.1819,150.5,153.7,150,28.97382,-79.84466,ECOA 2015
123.372,13.6475,187.923,35.6373,133.478,133.7,150,28.96832,-79.84416,ECOA 2015
123.716,13.2599,190.136,35.6027,132.768,132.9,150,28.9685,-79.84416,ECOA 2015
123.325,11.9149,210.394,35.4614,123.054,123.6,150,28.96532,-79.844,ECOA 2015
123.785,10.3453,242.613,35.2784,122.776,123.4,150,28.89616,-79.84332,ECOA 2015
124.627,9.7587,266.648,35.2021,123.818,124.1,150,28.89453,-79.84332,ECOA 2015
126.776,8.7388,293.307,35.0827,124.673,126,150,28.8935,-79.8435,ECOA 2015
210.608,28.019,2.648,36.1741,210.776,210.5,151,28.86,-79.99,ECOA 2015
214.088,25.3323,14.992,36.048,223.621,245.6,151,28.85932,-79.99016,ECOA 2015
221.32,21.4186,22.35,35.9665,193.209,200.6,151,28.85916,-79.99032,ECOA 2015
151.489,15.4278,49.251,35.8638,144.793,146.6,151,28.85866,-79.99032,ECOA 2015
123.896,12.5165,101.934,35.5694,122.959,123.6,151,28.85766,-79.99032,ECOA 2015
121.448,10.7047,139.379,35.3121,121.08,121.4,151,28.85716,-79.99016,ECOA 2015
124.086,9.2889,210.327,35.1458,123.081,123.8,151,28.85532,-79.98966,ECOA 2015
236.333,21.2641,8.291,35.999,184.154,192.5,152,28.82082,-80.14032,ECOA 2015
185.183,18.4053,13.427,36.0106,167.091,174.8,152,28.821,-80.14016,ECOA 2015
154.795,17.3164,20.032,36.1021,144.133,153.3,152,28.821,-80.13982,ECOA 2015
136.763,16.408,27.528,36.1124,134.026,135.8,152,28.821,-80.13966,ECOA 2015
131.6,14.7692,40.384,35.9135,131.025,130.8,152,28.821,-80.1395,ECOA 2015
130.871,14.6728,60.888,35.898,129.758,130.5,152,28.821,-80.13916,ECOA 2015
216.381,26.4694,2.75,36.0469,213.163,215.1,153,28.79766,-80.285,ECOA 2015
207.244,20.2098,12.804,36.1298,186.246,200.2,153,28.79766,-80.285,ECOA 2015
165.761,18.2968,17.592,36.1998,160.335,162.7,153,28.79766,-80.28482,ECOA 2015
144.851,16.052,22.727,35.9187,142.601,142.6,153,28.79766,-80.28482,ECOA 2015
142.108,15.9819,27.565,35.9076,144.525,142.2,153,28.79766,-80.28482,ECOA 2015
193.423,29.6469,2.492,36.2254,190.894,193.3,156,27.00466,-80.0015,ECOA 2015
192.674,29.6567,8.165,36.2221,190.472,192.7,156,27.00416,-80.0015,ECOA 2015
192.954,29.4892,17.584,36.201,180.149,192,156,27.00332,-80.00151,ECOA 2015
187.68,21.568,21.702,36.0163,172.365,175,156,27.00266,-80.0015,ECOA 2015
176.951,20.7998,24.536,35.9716,170.963,173.7,156,27.002,-80.0015,ECOA 2015
165.634,19.44,29.382,35.9087,167.589,165.5,156,27.00115,-80.0015,ECOA 2015
161.463,17.4464,32.983,35.8421,167.978,159.4,156,27.00016,-80.00132,ECOA 2015
194.779,30.416,2.58,35.7491,192.401,194.2,157,27.01066,-79.93182,ECOA 2015
196.745,30.2164,15.307,36.1262,198.771,196.8,157,27.0095,-79.93166,ECOA 2015
204.945,28.4878,29.812,36.3313,206.428,205.4,157,27.00816,-79.9315,ECOA 2015
208.813,24.0337,50.108,36.3526,203.79,208.1,157,27.00596,-79.93116,ECOA 2015
182.705,18.529,67.389,36.0207,176.016,178.9,157,27.003,-79.93066,ECOA 2015
154.393,15.3278,82.666,35.7641,153.337,153.5,157,27.00116,-79.93032,ECOA 2015
131.868,12.2387,93.85,35.4648,130.084,130.6,157,26.99816,-79.92982,ECOA 2015
124.698,10.5036,122.758,35.2781,124.794,124,157,26.99682,-79.92966,ECOA 2015
198.007,30.2449,14.242,35.9811,198.308,197.8,158,27.00616,-79.86982,ECOA 2015
204.596,28.7261,31.516,36.316,204.837,206.3,158,27.005,-79.86966,ECOA 2015
209.832,26.6391,49.977,36.3195,207.891,209.2,158,27.00336,-79.8695,ECOA 2015
192.576,23.3812,67.749,36.4808,188.571,192.6,158,27.00216,-79.86932,ECOA 2015
194.375,20.9666,82.351,36.4208,191.73,195.7,158,27.00116,-79.86932,ECOA 2015
152.96,18.9939,100.405,36.3864,151.046,151.7,158,26.99981,-79.869,ECOA 2015
136.757,15.1745,132.017,35.9016,136.702,136.6,158,26.99766,-79.86866,ECOA 2015
130.516,13.4249,142.551,35.669,129.713,130.3,158,26.99466,-79.86816,ECOA 2015
124.316,12.3378,163.857,35.5384,124.064,124.7,158,26.99316,-79.86782,ECOA 2015
121.744,10.8803,182.265,35.3224,120.27,121.3,158,26.99167,-79.86752,ECOA 2015
121.501,9.1488,216.773,35.1073,119.741,121.3,158,26.99032,-79.86716,ECOA 2015
194.947,30.4315,2.887,35.7327,191.515,193.6,159,27.0145,-79.78432,ECOA 2015
203.609,28.1076,49.35,36.4351,205.802,205.6,159,27.01216,-79.78398,ECOA 2015
205.323,24.0127,75.29,36.438,202.77,204.4,159,27.01,-79.78366,ECOA 2015
137.891,18.2888,143.597,36.4272,136.762,137.1,159,27.00566,-79.78282,ECOA 2015
142.251,16.3054,182.611,36.166,138.42,139.6,159,27.0033,-79.78232,ECOA 2015
121.825,11.9063,252.533,35.4754,121.592,123.1,159,26.99866,-79.78116,ECOA 2015
121.328,9.1613,335.683,35.1045,120.078,121.5,159,26.99491,-79.78032,ECOA 2015
193.397,30.1385,2.765,36.319,190.899,193.2,160,27.0205,-79.62532,ECOA 2015
201.907,27.9459,48.88,36.2546,199.002,201.3,160,27.0185,-79.62532,ECOA 2015
175.658,26.1821,87.494,36.4938,174.238,180.2,160,27.01644,-79.62516,ECOA 2015
157.78,22.2575,132.18,36.669,156.773,164.4,160,27.01416,-79.625,ECOA 2015
145.125,18.948,183.002,36.561,145.169,145.9,160,27.01173,-79.62482,ECOA 2015
127.49,14.3518,304.721,35.8408,127.447,128.3,160,27.007,-79.62438,ECOA 2015
119.494,10.6012,418.464,35.2496,118.07,119.7,160,27.00094,-79.62332,ECOA 2015
116.475,9.811,454.333,35.1436,116.178,117.3,160,26.99881,-79.623,ECOA 2015
118.781,8.6255,529.638,35.021,199.641,120.1,160,26.99616,-79.62266,ECOA 2015
124.556,7.7514,553.161,34.9457,124.265,124.8,160,26.99532,-79.62266,ECOA 2015
193.174,30.0966,2.544,36.2891,190.766,193,161,27.01266,-79.4957,ECOA 2015
200.374,27.9578,48.828,36.2728,201.199,202.3,161,27.01044,-79.4957,ECOA 2015
181.373,26.2559,91.34,36.477,177.702,178.6,161,27.00816,-79.49568,ECOA 2015
158.019,23.8617,131.324,36.7938,157.009,157.6,161,27.00632,-79.49567,ECOA 2015
155.056,22.4315,151.205,36.911,153.638,154.6,161,27.00482,-79.49566,ECOA 2015
145.858,21.1053,181.106,36.7916,145.237,147.1,161,27.00303,-79.49583,ECOA 2015
145.344,19.764,206.631,36.656,143.995,144.9,161,27.00184,-79.496,ECOA 2015
146.195,15.7957,302.823,36.0922,144.928,146.9,161,26.99832,-79.4965,ECOA 2015
120.705,11.5438,457.85,35.3869,121.696,122.5,161,26.9919,-79.49768,ECOA 2015
117.118,10.6242,517.965,35.2515,117.166,118.1,161,26.98879,-79.4982,ECOA 2015
118.53,8.4037,603.369,34.9831,118.162,118.8,161,26.9863,-79.49841,ECOA 2015
193.942,29.6839,2.555,36.1815,191.097,192.7,162,26.99166,-79.2745,ECOA 2015
202.156,28.3402,51.834,36.1818,199.944,204.5,162,26.99082,-79.27432,ECOA 2015
193.272,26.9389,67.069,36.2498,190.119,193,162,26.99032,-79.27416,ECOA 2015
184.704,26.5372,96.125,36.4019,182.574,183.6,162,26.98972,-79.27382,ECOA 2015
168.43,24.9982,130.92,36.635,167.369,167.9,162,26.98916,-79.27366,ECOA 2015
150.157,21.9509,181.368,36.7886,159.726,164.3,162,26.98832,-79.2735,ECOA 2015
159.005,20.8827,209.858,36.7609,157.022,157.3,162,26.98782,-79.2735,ECOA 2015
154.664,17.9692,303.973,36.4538,156.046,159.4,162,26.98682,-79.2735,ECOA 2015
155.886,17.1112,350.332,36.3232,155.881,158.3,162,26.98616,-79.27332,ECOA 2015
153.715,16.7481,397.836,36.2599,154.82,156.1,162,26.98532,-79.27316,ECOA 2015
143.328,15.8135,424.801,36.0897,144.182,146.6,162,26.985,-79.27316,ECOA 2015
139.903,15.0371,453.103,35.9524,140.282,141.6,162,26.98432,-79.273,ECOA 2015
133.804,12.5752,558.215,35.5811,134.347,135.4,162,26.98316,-79.273,ECOA 2015
194.05,29.5682,2.548,36.2383,191.952,193.8,163,26.98663,-79.18081,ECOA 2015
199.463,28.2131,50.69,36.3728,198.394,199.3,163,26.98616,-79.18081,ECOA 2015
204.136,25.9556,101.346,36.5782,205.401,203.6,163,26.9858,-79.18082,ECOA 2015
200.524,24.8839,130.694,36.6421,199.199,200.9,163,26.9855,-79.18082,ECOA 2015
150.521,21.7806,180.919,36.7923,156.434,151,163,26.985,-79.18082,ECOA 2015
148.343,20.7893,226.47,36.7464,150.46,148.1,163,26.98463,-79.18097,ECOA 2015
153.748,19.1497,282.266,36.5913,157.063,153.2,163,26.98404,-79.18102,ECOA 2015
175.426,18.9782,302.221,36.62,176.703,178.1,163,26.98369,-79.18113,ECOA 2015
159.678,18.7254,320.109,36.5678,157.435,160.7,163,26.98352,-79.18114,ECOA 2015
151.689,17.9861,351.896,36.4394,157.537,152.8,163,26.98314,-79.18114,ECOA 2015
177.705,17.034300000000002,400.329,36.3536,176.75,179.4,163,26.98265,-79.18116,ECOA 2015
